Neighborhood names,Ward,"Zillow link (boundary is text after ""customRegionId""%3A"""")",Number of listings for rent,Median monthly rent,"Number of listings for rent that are affordable at 100% of 2023 AMI (monthly rent up to $1862, based on 30% of $74,474)","Number of listings for rent that are affordable at 60% of 2023 AMI (monthly rent up to $1117, based on 60% of 30% of $74,474)",Number of Rental Listings: Studio,Number of Rental Listings affordable at 60% AMI based on 2025 ARO rent limit for this number of bedrooms: Studio (rent <=$1260),Number of Rental Listings: 1 bedroom,Number of Rental Listings affordable at 60% AMI based on 2025 ARO rent limit for this number of bedrooms: 1 bedroom (rent <=$1350),Number of Rental Listings: 2 bedroom,Number of Rental Listings affordable at 60% AMI based on 2025 ARO rent limit for this number of bedrooms: 2 bedroom (rent <=$1620),Number of Rental Listings: 3 bedroom,Number of Rental Listings affordable at 60% AMI based on 2025 ARO rent limit for this number of bedrooms: 3 bedroom (rent <=$1870),Number of Rental Listings: 4 bedroom,Number of Rental Listings affordable at 60% AMI based on 2025 ARO rent limit for this number of bedrooms: 4 bedroom (rent <=$2086),Number of Rental Listings: 5 bedroom,Number of Rental Listings affordable at 60% AMI based on 2025 ARO rent limit for this number of bedrooms: 5 bedroom (rent <=$2302),Number of listings for sale,Median for sale price,Median for sale monthly payment with no money down and any credit score,"Number of listings for sale that are affordable at 100% of 2023 AMI (monthly payment up to $1862, based on 30% of $74,474)","Number of listings for sale that are affordable at 60% of 2023 AMI (monthly payment up to $1117, based on 60% of 30% of $74,474)",Number of For Sale Listings: Studio,Number of For Sale Listings affordable at 60% AMI based on 2025 ARO rent limit for this number of bedrooms: Studio (monthly payment <=$1260),Number of For Sale Listings: 1 bedroom,Number of For Sale Listings affordable at 60% AMI based on 2025 ARO rent limit for this number of bedrooms: 1 bedroom (monthly payment <=$1350),Number of For Sale Listings: 2 bedroom,Number of For Sale Listings affordable at 60% AMI based on 2025 ARO rent limit for this number of bedrooms: 2 bedroom (monthly payment <=$1620),Number of For Sale Listings: 3 bedroom,Number of For Sale Listings affordable at 60% AMI based on 2025 ARO rent limit for this number of bedrooms: 3 bedroom (monthly payment <=$1870),Number of For Sale Listings: 4 bedroom,Number of For Sale Listings affordable at 60% AMI based on 2025 ARO rent limit for this number of bedrooms: 4 bedroom (monthly payment <=$2086),Number of For Sale Listings: 5 bedroom,Number of For Sale Listings affordable at 60% AMI based on 2025 ARO rent limit for this number of bedrooms: 5 bedroom (monthly payment <=$2302),"Total rental listings affordable at 60% AMI based on 2025 ARO rent limit for each number of bedrooms ($1260 for studio, $1350 for 1br, $1620 for 2br, $1870 for 3br, $2086 for 4br, and $2302 for 5br)",Total rental listings with 0-5 bedrooms,"% of rental listings affordable at 60% AMI based on 2025 ARO rent limit for each number of bedrooms ($1260 for studio, $1350 for 1br, $1620 for 2br, $1870 for 3br, $2086 for 4br, and $2302 for 5br)","% of listings for rent that are affordable at 100% of 2023 AMI (monthly rent up to $1862, based on 30% of $74,474)","% of listings for rent that are affordable at 60% of 2023 AMI (monthly rent up to $1117, based on 60% of 30% of $74,474)","Total for sale listings affordable at 60% AMI based on 2025 ARO rent limit for each number of bedrooms ($1260 for studio, $1350 for 1br, $1620 for 2br, $1870 for 3br, $2086 for 4br, and $2302 for 5br)",Total for sale listings with 0-5 bedrooms,"% of for sale listings affordable at 60% AMI based on 2025 ARO rent limit for each number of bedrooms ($1260 for studio, $1350 for 1br, $1620 for 2br, $1870 for 3br, $2086 for 4br, and $2302 for 5br)","% of listings for sale that are affordable at 100% of 2023 AMI (monthly rent up to $1862, based on 30% of $74,474)","% of listings for sale that are affordable at 60% of 2023 AMI (monthly rent up to $1117, based on 60% of 30% of $74,474)","Total rental and for sale listings affordable at 60% AMI based on 2025 ARO rent limit for each number of bedrooms ($1260 for studio, $1350 for 1br, $1620 for 2br, $1870 for 3br, $2086 for 4br, and $2302 for 5br)",Total rental and for sale listings with 0-5 bedrooms,"% of rental and for sale listings affordable at 60% AMI based on 2025 ARO rent limit for each number of bedrooms ($1260 for studio, $1350 for 1br, $1620 for 2br, $1870 for 3br, $2086 for 4br, and $2302 for 5br)","% of listings for rent and for sale that are affordable at 100% of 2023 AMI (monthly rent up to $1862, based on 30% of $74,474)","% of listings for rent and for sale that are affordable at 60% of 2023 AMI (monthly rent up to $1117, based on 60% of 30% of $74,474)",Additional metrics:,Rental average bedroom count,Rental average bedroom count in units affordable at 60% AMI based on 2025 ARO rent limit for each unit size,Difference between total rental units listed and number of 0+1+2+3+4+5 br units,For sale average bedroom count,For sale average bedroom count in units affordable at 60% AMI based on 2025 ARO rent limit for each unit size,Difference between total for sale units listed and number of 0+1+2+3+4+5 br units,Zillow ratio of rental listings to total (rental plus for sale) listings,Original AHIL data: Average Rent from zip codes (2025),Original AHIL data: Average Home Price from zip codes (2025),Affordability rank - % of listings for rent that are affordable at 100% of 2023 AMI,Affordability rank - % of rental listings affordable at 60% AMI based on 2025 ARO rent limit for each number of bedrooms,Affordability rank - Median monthly rent in late July 2025,Affordability rank - AHIL average rent from zip codes (2025),Affordability rank - % of listings for sale that are affordable at 100% of 2023 AMI,Affordability rank - % of for sale listings affordable at 60% AMI based on 2025 ARO rent limit for each number of bedrooms,Affordability rank - median for sale price in late July 2025,Affordability rank - AHIL average home price from zip codes (2025),Affordability rank - % of rental and for sale listings affordable at 60% of AMI based on 2025 ARO rent limit for each number of bedrooms,Average affordability rank,Difference between AHIL rent rank and new rank,Notes and references:,https://www.chicago.gov/content/dam/city/sites/affordable-requirements-ordinance/2025%20Income%20and%20Rent%20Limits.pdf,https://data.cityofchicago.org/Facilities-Geographic-Boundaries/Boundaries-Wards-2023-Map/cdf7-bgn3,Created hand drawn boundaries for each ward.,Manually determined medians using website's price filters.,"Used the rent limits that assume landlords pay utilities, so this makes areas where landlords don't pay utilities (ie non downtown areas) look more affordable than they are.","All data is from Zillow, 7/25-27/2025",Excluded land/empty lots but not multifamily buildings (generally multifamily buildings for sale have >5 bedrooms anyway),Excluded rentals that are just a room.
"Wicker Park, Logan Square",1,https://www.zillow.com/homes/for_rent/?searchQueryState=%7B%22isMapVisible%22%3Atrue%2C%22mapBounds%22%3A%7B%22west%22%3A-87.73923197822329%2C%22east%22%3A-87.63881007270571%2C%22south%22%3A41.88710608625369%2C%22north%22%3A41.939352997560974%7D%2C%22filterState%22%3A%7B%22fr%22%3A%7B%22value%22%3Atrue%7D%2C%22fsba%22%3A%7B%22value%22%3Afalse%7D%2C%22fsbo%22%3A%7B%22value%22%3Afalse%7D%2C%22nc%22%3A%7B%22value%22%3Afalse%7D%2C%22cmsn%22%3A%7B%22value%22%3Afalse%7D%2C%22auc%22%3A%7B%22value%22%3Afalse%7D%2C%22fore%22%3A%7B%22value%22%3Afalse%7D%2C%22price%22%3A%7B%22max%22%3Anull%7D%2C%22mp%22%3A%7B%22max%22%3Anull%7D%7D%2C%22isListVisible%22%3Atrue%2C%22mapZoom%22%3A14%2C%22usersSearchTerm%22%3A%22%22%2C%22customRegionId%22%3A%22272ae6873dX1-CR1g9rr5etprxhu_10oe5p%22%7D,486,2500,62,0,32,0,118,2,207,2,96,0,30,0,3,0,108,"700,000",6650,0,0,0,0,3,0,32,0,28,0,16,0,6,0,4,486,0.82%,12.76%,0.00%,0,85,0.00%,0.00%,0.00%,4,571,0.70%,10.44%,0.00%,,1.965020576,1.5,0,2.882352941,#DIV/0!,23,81.82%,2184,"531,903",45,47,44,43,46,37,47,49,48,45.11111111,5,,,,,,,,,
"Gold Coast, Streeterville",2,https://www.zillow.com/homes/for_rent/?searchQueryState=%7B%22isMapVisible%22%3Atrue%2C%22mapBounds%22%3A%7B%22west%22%3A-87.67639813423742%2C%22east%22%3A-87.60163960457433%2C%22south%22%3A41.88005757411453%2C%22north%22%3A41.93224639985396%7D%2C%22mapZoom%22%3A14%2C%22filterState%22%3A%7B%22fr%22%3A%7B%22value%22%3Atrue%7D%2C%22fsba%22%3A%7B%22value%22%3Afalse%7D%2C%22fsbo%22%3A%7B%22value%22%3Afalse%7D%2C%22nc%22%3A%7B%22value%22%3Afalse%7D%2C%22cmsn%22%3A%7B%22value%22%3Afalse%7D%2C%22auc%22%3A%7B%22value%22%3Afalse%7D%2C%22fore%22%3A%7B%22value%22%3Afalse%7D%7D%2C%22isListVisible%22%3Atrue%2C%22customRegionId%22%3A%223cb5668758X1-CRfc90q0b18vdp_166g8p%22%7D,906,2795,64,1,256,5,406,0,201,0,38,0,4,0,1,0,382,"580,000",6860,2,1,21,0,116,0,110,0,88,0,25,0,12,0,5,906,0.55%,7.06%,0.11%,0,372,0.00%,0.52%,0.26%,5,1278,0.39%,5.12%,0.16%,,1.040838852,0,0,2.043010753,#DIV/0!,10,70.34%,2573,"390,621",48,48,46,49,44,37,41,40,49,44.66666667,0,,,,,,,,,
"South Loop, Bronzeville",3,https://www.zillow.com/homes/for_rent/?searchQueryState=%7B%22isMapVisible%22%3Atrue%2C%22mapBounds%22%3A%7B%22west%22%3A-87.6694444600349%2C%22east%22%3A-87.51838244831615%2C%22south%22%3A41.790562007401846%2C%22north%22%3A41.874850790896765%7D%2C%22filterState%22%3A%7B%22sort%22%3A%7B%22value%22%3A%22paymentd%22%7D%2C%22land%22%3A%7B%22value%22%3Afalse%7D%2C%22fr%22%3A%7B%22value%22%3Atrue%7D%2C%22fsba%22%3A%7B%22value%22%3Afalse%7D%2C%22fsbo%22%3A%7B%22value%22%3Afalse%7D%2C%22nc%22%3A%7B%22value%22%3Afalse%7D%2C%22cmsn%22%3A%7B%22value%22%3Afalse%7D%2C%22auc%22%3A%7B%22value%22%3Afalse%7D%2C%22fore%22%3A%7B%22value%22%3Afalse%7D%7D%2C%22isListVisible%22%3Atrue%2C%22mapZoom%22%3A13%2C%22customRegionId%22%3A%22e607b687c1X1-CR19l93lf1jwzdd_tf4fq%22%2C%22pagination%22%3A%7B%7D%2C%22usersSearchTerm%22%3A%22%22%7D,523,2595,90,14,29,2,186,8,186,17,85,6,35,23,2,0,219,"389,900",4020,12,3,1,0,34,1,106,2,40,4,11,0,10,1,56,523,10.71%,17.21%,2.68%,8,202,3.96%,5.48%,1.37%,64,725,8.83%,13.75%,2.29%,,1.841300191,2.714285714,0,2.277227723,2.75,17,70.49%,1807,"275,583",44,38,45,34,32,25,26,23,36,33.66666667,2,,,,,,,,,
"Printer's Row, Kenwood, Prairie Shores",4,https://www.zillow.com/homes/for_rent/?searchQueryState=%7B%22pagination%22%3A%7B%7D%2C%22isMapVisible%22%3Atrue%2C%22mapBounds%22%3A%7B%22west%22%3A-87.65884046718438%2C%22east%22%3A-87.54520063564141%2C%22south%22%3A41.78009336001287%2C%22north%22%3A41.899414690904095%7D%2C%22mapZoom%22%3A13%2C%22customRegionId%22%3A%2234a2b687c5X1-CR1if92ez4dh1c8_wqir6%22%2C%22filterState%22%3A%7B%22sort%22%3A%7B%22value%22%3A%22paymentd%22%7D%2C%22fr%22%3A%7B%22value%22%3Atrue%7D%2C%22fsba%22%3A%7B%22value%22%3Afalse%7D%2C%22fsbo%22%3A%7B%22value%22%3Afalse%7D%2C%22nc%22%3A%7B%22value%22%3Afalse%7D%2C%22cmsn%22%3A%7B%22value%22%3Afalse%7D%2C%22auc%22%3A%7B%22value%22%3Afalse%7D%2C%22fore%22%3A%7B%22value%22%3Afalse%7D%2C%22land%22%3A%7B%22value%22%3Afalse%7D%7D%2C%22isListVisible%22%3Atrue%2C%22usersSearchTerm%22%3A%22%22%7D,881,1892,434,24,119,38,328,71,312,61,92,3,23,4,7,1,173,"380,000",4100,12,0,6,0,19,0,61,1,38,3,26,0,12,0,178,881,20.20%,49.26%,2.72%,4,162,2.47%,6.94%,0.00%,182,1043,17.45%,42.31%,2.28%,,1.538024972,1.252808989,0,2.586419753,2.75,11,83.59%,1947,"293,660",29,29,29,39,27,28,24,28,26,28.77777778,-13,,,,,,,,,
"Hyde Park, Jackson Park Highlands",5,https://www.zillow.com/homes/for_rent/?searchQueryState=%7B%22isMapVisible%22%3Atrue%2C%22mapBounds%22%3A%7B%22west%22%3A-87.62090408785834%2C%22east%22%3A-87.55412781222357%2C%22south%22%3A41.74879493363864%2C%22north%22%3A41.82137047969718%7D%2C%22mapZoom%22%3A14%2C%22filterState%22%3A%7B%22sort%22%3A%7B%22value%22%3A%22paymentd%22%7D%2C%22fr%22%3A%7B%22value%22%3Atrue%7D%2C%22fsba%22%3A%7B%22value%22%3Afalse%7D%2C%22fsbo%22%3A%7B%22value%22%3Afalse%7D%2C%22nc%22%3A%7B%22value%22%3Afalse%7D%2C%22cmsn%22%3A%7B%22value%22%3Afalse%7D%2C%22auc%22%3A%7B%22value%22%3Afalse%7D%2C%22fore%22%3A%7B%22value%22%3Afalse%7D%2C%22land%22%3A%7B%22value%22%3Afalse%7D%7D%2C%22isListVisible%22%3Atrue%2C%22customRegionId%22%3A%222f9ba687bcX1-CR1ifagax16rrig_wqir6%22%7D,832,1925,376,79,162,93,269,40,249,34,119,16,30,1,3,0,136,"197,000",2620,40,11,1,0,27,5,43,10,39,6,14,3,5,0,184,832,22.12%,45.19%,9.50%,24,129,18.60%,29.41%,8.09%,208,961,21.64%,42.98%,9.30%,,1.513221154,0.8695652174,0,2.410852713,2.291666667,7,85.95%,1450,"189,820",33,24,31,12,8,15,3,9,23,17.55555556,11,,,,,,,,,
"Chatham, Greater Grand Crossing",6,https://www.zillow.com/homes/for_rent/?searchQueryState=%7B%22isMapVisible%22%3Atrue%2C%22mapBounds%22%3A%7B%22west%22%3A-87.65261852725043%2C%22east%22%3A-87.58850300295843%2C%22south%22%3A41.71298893078888%2C%22north%22%3A41.78560497042888%7D%2C%22mapZoom%22%3A14%2C%22filterState%22%3A%7B%22sort%22%3A%7B%22value%22%3A%22paymentd%22%7D%2C%22land%22%3A%7B%22value%22%3Afalse%7D%2C%22fr%22%3A%7B%22value%22%3Atrue%7D%2C%22fsba%22%3A%7B%22value%22%3Afalse%7D%2C%22fsbo%22%3A%7B%22value%22%3Afalse%7D%2C%22nc%22%3A%7B%22value%22%3Afalse%7D%2C%22cmsn%22%3A%7B%22value%22%3Afalse%7D%2C%22auc%22%3A%7B%22value%22%3Afalse%7D%2C%22fore%22%3A%7B%22value%22%3Afalse%7D%7D%2C%22isListVisible%22%3Atrue%2C%22customRegionId%22%3A%228a0336879dX1-CR1psmajy2iv6nb_130oam%22%7D,164,1500,141,32,5,5,36,28,63,48,50,37,8,1,2,0,137,"255,000",2330,40,21,0,0,0,0,2,2,27,12,51,18,25,10,119,164,72.56%,85.98%,19.51%,42,105,40.00%,29.20%,15.33%,161,269,59.85%,60.13%,17.61%,,2.158536585,2.008403361,0,3.942857143,3.857142857,32,54.49%,1345,"154,511",5,8,9,4,9,8,11,3,6,7,2,,,,,,,,,
"South Shore, South Chicago, Calumet Heights",7,https://www.zillow.com/homes/for_rent/?searchQueryState=%7B%22isMapVisible%22%3Atrue%2C%22mapBounds%22%3A%7B%22west%22%3A-87.59230816173466%2C%22east%22%3A-87.52819263744267%2C%22south%22%3A41.700098582402674%2C%22north%22%3A41.776185744663316%7D%2C%22mapZoom%22%3A14%2C%22filterState%22%3A%7B%22sort%22%3A%7B%22value%22%3A%22paymentd%22%7D%2C%22price%22%3A%7B%22min%22%3Anull%7D%2C%22mp%22%3A%7B%22min%22%3Anull%7D%2C%22land%22%3A%7B%22value%22%3Afalse%7D%2C%22fr%22%3A%7B%22value%22%3Atrue%7D%2C%22fsba%22%3A%7B%22value%22%3Afalse%7D%2C%22fsbo%22%3A%7B%22value%22%3Afalse%7D%2C%22nc%22%3A%7B%22value%22%3Afalse%7D%2C%22cmsn%22%3A%7B%22value%22%3Afalse%7D%2C%22auc%22%3A%7B%22value%22%3Afalse%7D%2C%22fore%22%3A%7B%22value%22%3Afalse%7D%7D%2C%22isListVisible%22%3Atrue%2C%22customRegionId%22%3A%22fe6d968787X1-CR1sr49z6afpqhs_xa6p4%22%7D,284,1400,252,67,6,5,70,62,109,82,81,67,12,9,6,2,136,"195,000",1790,74,32,0,0,13,13,12,9,36,26,28,14,20,10,227,284,79.93%,88.73%,23.59%,72,109,66.06%,54.41%,23.53%,299,393,76.08%,77.62%,23.57%,,2.144366197,2.083700441,0,3.275229358,2.986111111,27,67.62%,1340,"152,301",4,5,3,3,2,2,1,2,2,2.666666667,-1,,,,,,,,,
"Avalon Park, East Chatham",8,https://www.zillow.com/homes/for_rent/?searchQueryState=%7B%22isMapVisible%22%3Atrue%2C%22mapBounds%22%3A%7B%22west%22%3A-87.62017452700628%2C%22east%22%3A-87.55605900271429%2C%22south%22%3A41.70171135348562%2C%22north%22%3A41.774340141256154%7D%2C%22mapZoom%22%3A14%2C%22filterState%22%3A%7B%22sort%22%3A%7B%22value%22%3A%22paymentd%22%7D%2C%22fr%22%3A%7B%22value%22%3Atrue%7D%2C%22fsba%22%3A%7B%22value%22%3Afalse%7D%2C%22fsbo%22%3A%7B%22value%22%3Afalse%7D%2C%22nc%22%3A%7B%22value%22%3Afalse%7D%2C%22cmsn%22%3A%7B%22value%22%3Afalse%7D%2C%22auc%22%3A%7B%22value%22%3Afalse%7D%2C%22fore%22%3A%7B%22value%22%3Afalse%7D%2C%22land%22%3A%7B%22value%22%3Afalse%7D%7D%2C%22isListVisible%22%3Atrue%2C%22customRegionId%22%3A%22eb7bc6879cX1-CR1e90hadpkpqi_1393o7%22%7D,156,1450,129,36,7,6,33,27,66,44,31,16,16,7,2,0,160,"240,000",2200,61,27,0,0,0,0,18,16,47,21,60,21,20,5,100,155,64.52%,82.69%,23.08%,63,145,43.45%,38.13%,16.88%,163,300,54.33%,60.13%,19.94%,,2.141935484,1.91,1,3.565517241,3.238095238,15,49.37%,1361,"157,244",8,12,6,5,6,7,8,5,10,7.444444444,5,,,,,,,,,
"Roseland, Pullman",9,https://www.zillow.com/homes/for_rent/?searchQueryState=%7B%22isMapVisible%22%3Atrue%2C%22mapBounds%22%3A%7B%22west%22%3A-87.68564903545293%2C%22east%22%3A-87.55724632549199%2C%22south%22%3A41.639717613635696%2C%22north%22%3A41.74444449235115%7D%2C%22mapZoom%22%3A13%2C%22filterState%22%3A%7B%22sort%22%3A%7B%22value%22%3A%22paymentd%22%7D%2C%22land%22%3A%7B%22value%22%3Afalse%7D%2C%22fr%22%3A%7B%22value%22%3Atrue%7D%2C%22fsba%22%3A%7B%22value%22%3Afalse%7D%2C%22fsbo%22%3A%7B%22value%22%3Afalse%7D%2C%22nc%22%3A%7B%22value%22%3Afalse%7D%2C%22cmsn%22%3A%7B%22value%22%3Afalse%7D%2C%22auc%22%3A%7B%22value%22%3Afalse%7D%2C%22fore%22%3A%7B%22value%22%3Afalse%7D%7D%2C%22isListVisible%22%3Atrue%2C%22customRegionId%22%3A%22fe12568786X1-CR1sr49z6ah5so0_xa6p4%22%7D,87,1500,59,12,1,1,16,13,29,27,25,11,15,3,1,1,156,"195,000",1790,86,41,0,0,1,1,14,11,45,29,52,28,25,13,56,87,64.37%,67.82%,13.79%,82,137,59.85%,55.13%,26.28%,138,224,61.61%,59.67%,21.81%,,2.459770115,2.089285714,0,3.627737226,3.5,19,35.80%,1536,"145,143",14,13,11,18,1,3,2,1,5,7.555555556,-13,,,,,,,,,
"Hegewisch, East Side, South Deering",10,https://www.zillow.com/homes/for_rent/?searchQueryState=%7B%22isMapVisible%22%3Atrue%2C%22mapBounds%22%3A%7B%22west%22%3A-87.64118873882207%2C%22east%22%3A-87.49132835674199%2C%22south%22%3A41.63343114534296%2C%22north%22%3A41.7573793013991%7D%2C%22mapZoom%22%3A13%2C%22filterState%22%3A%7B%22sort%22%3A%7B%22value%22%3A%22paymentd%22%7D%2C%22fr%22%3A%7B%22value%22%3Atrue%7D%2C%22fsba%22%3A%7B%22value%22%3Afalse%7D%2C%22fsbo%22%3A%7B%22value%22%3Afalse%7D%2C%22nc%22%3A%7B%22value%22%3Afalse%7D%2C%22cmsn%22%3A%7B%22value%22%3Afalse%7D%2C%22auc%22%3A%7B%22value%22%3Afalse%7D%2C%22fore%22%3A%7B%22value%22%3Afalse%7D%2C%22price%22%3A%7B%22min%22%3Anull%7D%2C%22mp%22%3A%7B%22min%22%3Anull%7D%2C%22land%22%3A%7B%22value%22%3Afalse%7D%7D%2C%22isListVisible%22%3Atrue%2C%22customRegionId%22%3A%228460268787X1-CR1s4jq9hj2tx2_15ldqn%22%7D,64,1425,53,11,0,0,9,9,25,19,23,20,4,2,2,0,107,"239,900",2200,35,15,0,0,0,0,7,4,33,9,35,16,16,7,50,63,79.37%,82.81%,17.19%,36,91,39.56%,32.71%,14.02%,86,154,55.84%,51.46%,15.20%,,2.444444444,2.3,1,3.659340659,3.722222222,16,37.43%,1457,"170,928",7,6,5,13,7,9,7,7,9,7.777777778,-4,,,,,,,,,
"Bridgeport, Chinatown, Armour Square",11,https://www.zillow.com/homes/for_rent/?searchQueryState=%7B%22isMapVisible%22%3Atrue%2C%22mapBounds%22%3A%7B%22west%22%3A-87.69395301596042%2C%22east%22%3A-87.57842490927096%2C%22south%22%3A41.76224638995562%2C%22north%22%3A41.8971914343739%7D%2C%22filterState%22%3A%7B%22sort%22%3A%7B%22value%22%3A%22paymentd%22%7D%2C%22land%22%3A%7B%22value%22%3Afalse%7D%2C%22fr%22%3A%7B%22value%22%3Atrue%7D%2C%22fsba%22%3A%7B%22value%22%3Afalse%7D%2C%22fsbo%22%3A%7B%22value%22%3Afalse%7D%2C%22nc%22%3A%7B%22value%22%3Afalse%7D%2C%22cmsn%22%3A%7B%22value%22%3Afalse%7D%2C%22auc%22%3A%7B%22value%22%3Afalse%7D%2C%22fore%22%3A%7B%22value%22%3Afalse%7D%7D%2C%22isListVisible%22%3Atrue%2C%22mapZoom%22%3A13%2C%22customRegionId%22%3A%2231d1c687c0X1-CR1ifagax136g3s_wqir6%22%2C%22usersSearchTerm%22%3A%22%22%2C%22pagination%22%3A%7B%7D%7D,87,1750,54,3,0,0,16,9,37,18,29,10,4,2,0,0,63,"498,000",4570,1,0,0,0,2,0,6,0,17,0,15,0,6,0,39,86,45.35%,62.07%,3.45%,0,46,0.00%,1.59%,0.00%,39,132,29.55%,36.67%,2.00%,,2.244186047,2.128205128,1,3.369565217,#DIV/0!,17,58.00%,1632,"277,740",19,18,21,26,41,37,35,24,19,26.66666667,-7,,,,,,,,,
"McKinley Park, Brighton Park",12,https://www.zillow.com/homes/for_rent/?searchQueryState=%7B%22isMapVisible%22%3Atrue%2C%22mapBounds%22%3A%7B%22west%22%3A-87.72540457151896%2C%22east%22%3A-87.65064604185588%2C%22south%22%3A41.801755120033995%2C%22north%22%3A41.854007879320555%7D%2C%22mapZoom%22%3A14%2C%22filterState%22%3A%7B%22sort%22%3A%7B%22value%22%3A%22paymentd%22%7D%2C%22land%22%3A%7B%22value%22%3Afalse%7D%2C%22fr%22%3A%7B%22value%22%3Atrue%7D%2C%22fsba%22%3A%7B%22value%22%3Afalse%7D%2C%22fsbo%22%3A%7B%22value%22%3Afalse%7D%2C%22nc%22%3A%7B%22value%22%3Afalse%7D%2C%22cmsn%22%3A%7B%22value%22%3Afalse%7D%2C%22auc%22%3A%7B%22value%22%3Afalse%7D%2C%22fore%22%3A%7B%22value%22%3Afalse%7D%7D%2C%22isListVisible%22%3Atrue%2C%22customRegionId%22%3A%223f80d6875dX1-CRfc90q0b76ajh_166g8p%22%2C%22usersSearchTerm%22%3A%22%22%2C%22pagination%22%3A%7B%7D%7D,54,1475,42,6,3,3,8,7,25,15,15,10,2,1,1,0,39,"388,000",3700,3,1,0,0,2,0,2,0,5,1,10,2,4,0,36,54,66.67%,77.78%,11.11%,3,23,13.04%,7.69%,2.56%,39,77,50.65%,48.39%,7.53%,,2.148148148,1.972222222,0,3.52173913,3.666666667,16,58.06%,1421,"270,544",10,11,7,7,23,17,25,20,12,14.66666667,5,,,,,,,,,
"Midway, Clearing",13,https://www.zillow.com/homes/for_rent/?searchQueryState=%7B%22isMapVisible%22%3Atrue%2C%22mapBounds%22%3A%7B%22west%22%3A-87.81384470919889%2C%22east%22%3A-87.71342280368131%2C%22south%22%3A41.75010371918934%2C%22north%22%3A41.80246258052043%7D%2C%22mapZoom%22%3A14%2C%22filterState%22%3A%7B%22sort%22%3A%7B%22value%22%3A%22paymentd%22%7D%2C%22fr%22%3A%7B%22value%22%3Atrue%7D%2C%22fsba%22%3A%7B%22value%22%3Afalse%7D%2C%22fsbo%22%3A%7B%22value%22%3Afalse%7D%2C%22nc%22%3A%7B%22value%22%3Afalse%7D%2C%22cmsn%22%3A%7B%22value%22%3Afalse%7D%2C%22auc%22%3A%7B%22value%22%3Afalse%7D%2C%22fore%22%3A%7B%22value%22%3Afalse%7D%7D%2C%22isListVisible%22%3Atrue%2C%22customRegionId%22%3A%222833e6873fX1-CR1g9rr5etwv87m_10oe5p%22%7D,46,1625,32,1,1,0,12,10,19,10,12,6,1,0,1,0,43,"380,000",3500,2,1,0,0,0,0,4,1,13,0,16,0,7,0,26,46,56.52%,69.57%,2.17%,1,40,2.50%,4.65%,2.33%,27,86,31.40%,38.20%,2.25%,,2.065217391,1.846153846,0,3.65,2,3,51.69%,1525,"286,167",13,15,14,17,34,27,23,25,17,20.55555556,0,,,,,,,,,
"Gage Park, Archer Heights",14,https://www.zillow.com/homes/for_rent/?searchQueryState=%7B%22isMapVisible%22%3Atrue%2C%22mapBounds%22%3A%7B%22west%22%3A-87.77718940352025%2C%22east%22%3A-87.64878669355932%2C%22south%22%3A41.74086914664235%2C%22north%22%3A41.845431313452536%7D%2C%22mapZoom%22%3A13%2C%22filterState%22%3A%7B%22sort%22%3A%7B%22value%22%3A%22paymentd%22%7D%2C%22fr%22%3A%7B%22value%22%3Atrue%7D%2C%22fsba%22%3A%7B%22value%22%3Afalse%7D%2C%22fsbo%22%3A%7B%22value%22%3Afalse%7D%2C%22nc%22%3A%7B%22value%22%3Afalse%7D%2C%22cmsn%22%3A%7B%22value%22%3Afalse%7D%2C%22auc%22%3A%7B%22value%22%3Afalse%7D%2C%22fore%22%3A%7B%22value%22%3Afalse%7D%2C%22land%22%3A%7B%22value%22%3Afalse%7D%7D%2C%22isListVisible%22%3Atrue%2C%22customRegionId%22%3A%22fd8da68785X1-CR1sr49z6ai7dcw_xa6p4%22%7D,30,1325,28,7,4,4,7,5,12,11,6,5,1,0,0,0,26,"299,500",2740,3,1,0,0,0,0,3,2,4,1,8,1,5,0,25,30,83.33%,93.33%,23.33%,4,20,20.00%,11.54%,3.85%,29,50,58.00%,55.36%,14.29%,,1.766666667,1.68,0,3.75,2.75,6,53.57%,1291,"259,443",1,2,1,1,19,14,14,18,7,8.555555556,6,,,,,,,,,
"Canaryville, Back of the Yards, Gage Park",15,https://www.zillow.com/homes/for_rent/?searchQueryState=%7B%22isMapVisible%22%3Atrue%2C%22mapBounds%22%3A%7B%22west%22%3A-87.74186799780246%2C%22east%22%3A-87.60642717138644%2C%22south%22%3A41.733798135197986%2C%22north%22%3A41.8383718267905%7D%2C%22filterState%22%3A%7B%22sort%22%3A%7B%22value%22%3A%22paymentd%22%7D%2C%22land%22%3A%7B%22value%22%3Afalse%7D%2C%22fr%22%3A%7B%22value%22%3Atrue%7D%2C%22fsba%22%3A%7B%22value%22%3Afalse%7D%2C%22fsbo%22%3A%7B%22value%22%3Afalse%7D%2C%22nc%22%3A%7B%22value%22%3Afalse%7D%2C%22cmsn%22%3A%7B%22value%22%3Afalse%7D%2C%22auc%22%3A%7B%22value%22%3Afalse%7D%2C%22fore%22%3A%7B%22value%22%3Afalse%7D%7D%2C%22isListVisible%22%3Atrue%2C%22mapZoom%22%3A13%2C%22customRegionId%22%3A%2230730687beX1-CR1if92ez4kp5vs_wqir6%22%7D,54,1350,48,5,1,1,10,9,28,23,13,11,2,0,0,0,53,"325,000",3000,9,5,0,0,0,0,3,1,7,2,19,4,10,2,44,54,81.48%,88.89%,9.26%,9,39,23.08%,16.98%,9.43%,53,93,56.99%,53.27%,9.35%,,2.092592593,2,0,3.923076923,3.777777778,14,50.47%,1426,"215,678",3,3,2,10,14,12,17,12,8,9,-2,,,,,,,,,
"Englewood, Chicago Lawn",16,https://www.zillow.com/homes/for_rent/?searchQueryState=%7B%22isMapVisible%22%3Atrue%2C%22mapBounds%22%3A%7B%22west%22%3A-87.70248927509837%2C%22east%22%3A-87.62541331684642%2C%22south%22%3A41.75378683114744%2C%22north%22%3A41.812860085956146%7D%2C%22filterState%22%3A%7B%22sort%22%3A%7B%22value%22%3A%22paymentd%22%7D%2C%22land%22%3A%7B%22value%22%3Afalse%7D%2C%22fr%22%3A%7B%22value%22%3Atrue%7D%2C%22fsba%22%3A%7B%22value%22%3Afalse%7D%2C%22fsbo%22%3A%7B%22value%22%3Afalse%7D%2C%22nc%22%3A%7B%22value%22%3Afalse%7D%2C%22cmsn%22%3A%7B%22value%22%3Afalse%7D%2C%22auc%22%3A%7B%22value%22%3Afalse%7D%2C%22fore%22%3A%7B%22value%22%3Afalse%7D%7D%2C%22isListVisible%22%3Atrue%2C%22mapZoom%22%3A14%2C%22customRegionId%22%3A%225c67c687bdX1-CR16tdjyyw9pujt_1745wd%22%2C%22usersSearchTerm%22%3A%22%22%2C%22pagination%22%3A%7B%7D%7D,95,1500,81,13,4,4,10,10,36,31,37,27,7,7,0,0,108,"250,000",2290,46,21,0,0,0,0,2,2,15,12,17,11,24,16,79,94,84.04%,85.26%,13.68%,41,58,70.69%,42.59%,19.44%,120,152,78.95%,62.56%,16.75%,,2.35106383,2.291139241,1,4.086206897,4,50,46.80%,1478,"155,188",6,1,10,15,4,1,9,4,1,5.666666667,-14,,,,,,,,,
"Auburn Gresham, Marquette Park",17,https://www.zillow.com/homes/for_rent/?searchQueryState=%7B%22isMapVisible%22%3Atrue%2C%22mapBounds%22%3A%7B%22west%22%3A-87.71855919031653%2C%22east%22%3A-87.61865226892981%2C%22south%22%3A41.731321833488785%2C%22north%22%3A41.78363201792017%7D%2C%22mapZoom%22%3A14%2C%22filterState%22%3A%7B%22sort%22%3A%7B%22value%22%3A%22paymentd%22%7D%2C%22land%22%3A%7B%22value%22%3Afalse%7D%2C%22fr%22%3A%7B%22value%22%3Atrue%7D%2C%22fsba%22%3A%7B%22value%22%3Afalse%7D%2C%22fsbo%22%3A%7B%22value%22%3Afalse%7D%2C%22nc%22%3A%7B%22value%22%3Afalse%7D%2C%22cmsn%22%3A%7B%22value%22%3Afalse%7D%2C%22auc%22%3A%7B%22value%22%3Afalse%7D%2C%22fore%22%3A%7B%22value%22%3Afalse%7D%7D%2C%22isListVisible%22%3Atrue%2C%22customRegionId%22%3A%220ee5f687beX1-CRj082t72qxi7r_1064sl%22%2C%22usersSearchTerm%22%3A%22%22%2C%22pagination%22%3A%7B%7D%7D,167,1500,135,26,4,3,24,22,70,54,46,33,20,10,2,1,138,"237,500",2100,62,21,0,0,0,0,8,5,27,22,46,23,28,12,123,166,74.10%,80.84%,15.57%,62,109,56.88%,44.93%,15.22%,185,275,67.27%,64.59%,15.41%,,2.361445783,2.227642276,1,3.862385321,3.677419355,29,54.75%,1317,"166,665",9,7,8,2,3,4,6,6,4,5.444444444,2,,,,,,,,,
Ashburn,18,https://www.zillow.com/homes/for_rent/?searchQueryState=%7B%22isMapVisible%22%3Atrue%2C%22mapBounds%22%3A%7B%22west%22%3A-87.76191918900798%2C%22east%22%3A-87.63351647904705%2C%22south%22%3A41.69404952983482%2C%22north%22%3A41.79868797664821%7D%2C%22mapZoom%22%3A13%2C%22filterState%22%3A%7B%22sort%22%3A%7B%22value%22%3A%22paymentd%22%7D%2C%22land%22%3A%7B%22value%22%3Afalse%7D%2C%22fr%22%3A%7B%22value%22%3Atrue%7D%2C%22fsba%22%3A%7B%22value%22%3Afalse%7D%2C%22fsbo%22%3A%7B%22value%22%3Afalse%7D%2C%22nc%22%3A%7B%22value%22%3Afalse%7D%2C%22cmsn%22%3A%7B%22value%22%3Afalse%7D%2C%22auc%22%3A%7B%22value%22%3Afalse%7D%2C%22fore%22%3A%7B%22value%22%3Afalse%7D%7D%2C%22isListVisible%22%3Atrue%2C%22customRegionId%22%3A%22b1ba768786X1-CR9alhtat5by3m_14f8rh%22%2C%22usersSearchTerm%22%3A%22%22%2C%22pagination%22%3A%7B%7D%7D,44,1800,25,2,2,0,10,7,19,5,11,4,1,0,1,0,64,"295,000",2700,17,8,1,1,2,2,8,4,15,3,22,4,11,2,16,44,36.36%,56.82%,4.55%,16,59,27.12%,26.56%,12.50%,32,103,31.07%,38.89%,9.26%,,2.045454545,1.8125,0,3.491525424,2.8125,5,40.74%,2045,"234,501",22,20,26,41,10,11,13,14,18,19.44444444,-23,,,,,,,,,
"Beverly, Morgan Park, Mount Greenwood",19,https://www.zillow.com/homes/for_rent/?searchQueryState=%7B%22isMapVisible%22%3Atrue%2C%22mapBounds%22%3A%7B%22west%22%3A-87.78244201626757%2C%22east%22%3A-87.58159820523241%2C%22south%22%3A41.64245469610181%2C%22north%22%3A41.747305196864104%7D%2C%22filterState%22%3A%7B%22fr%22%3A%7B%22value%22%3Atrue%7D%2C%22fsba%22%3A%7B%22value%22%3Afalse%7D%2C%22fsbo%22%3A%7B%22value%22%3Afalse%7D%2C%22nc%22%3A%7B%22value%22%3Afalse%7D%2C%22cmsn%22%3A%7B%22value%22%3Afalse%7D%2C%22auc%22%3A%7B%22value%22%3Afalse%7D%2C%22fore%22%3A%7B%22value%22%3Afalse%7D%7D%2C%22isListVisible%22%3Atrue%2C%22mapZoom%22%3A13%2C%22customRegionId%22%3A%22079c2686a2X1-CR1w7eith9vj6i5_15jz7d%22%7D,54,2200,17,1,2,0,16,2,31,6,3,0,2,0,0,0,81,"379,900",3600,12,0,0,0,4,1,16,4,21,0,20,0,17,1,8,54,14.81%,31.48%,1.85%,6,78,7.69%,14.81%,0.00%,14,132,10.61%,21.48%,0.74%,,1.759259259,1.75,0,3.384615385,2.333333333,3,40.00%,1512,"259,333",41,32,39,16,17,21,22,17,31,26.22222222,15,,,,,,,,,
"Woodlawn, Washington Park, Back of the Yards",20,https://www.zillow.com/homes/for_rent/?searchQueryState=%7B%22isMapVisible%22%3Atrue%2C%22mapBounds%22%3A%7B%22west%22%3A-87.69672431210947%2C%22east%22%3A-87.54257239560556%2C%22south%22%3A41.73900111719442%2C%22north%22%3A41.85712042713295%7D%2C%22filterState%22%3A%7B%22sort%22%3A%7B%22value%22%3A%22paymentd%22%7D%2C%22land%22%3A%7B%22value%22%3Afalse%7D%2C%22fr%22%3A%7B%22value%22%3Atrue%7D%2C%22fsba%22%3A%7B%22value%22%3Afalse%7D%2C%22fsbo%22%3A%7B%22value%22%3Afalse%7D%2C%22nc%22%3A%7B%22value%22%3Afalse%7D%2C%22cmsn%22%3A%7B%22value%22%3Afalse%7D%2C%22auc%22%3A%7B%22value%22%3Afalse%7D%2C%22fore%22%3A%7B%22value%22%3Afalse%7D%7D%2C%22isListVisible%22%3Atrue%2C%22customRegionId%22%3A%225c3fc687bdX1-CR16texuwt7wc15_1745wd%22%2C%22usersSearchTerm%22%3A%22%22%2C%22pagination%22%3A%7B%7D%2C%22mapZoom%22%3A13%7D,292,1800,159,15,16,14,29,12,97,59,114,35,29,6,7,2,138,"300,000",2900,33,12,0,0,1,1,10,4,38,9,25,7,18,5,128,292,43.84%,54.45%,5.14%,26,92,28.26%,23.91%,8.70%,154,384,40.10%,44.65%,6.28%,,2.452054795,2.1015625,0,3.532608696,3.423076923,46,67.91%,1538,"200,740",25,19,23,19,11,10,16,10,16,16.55555556,-3,,,,,,,,,
"Washington Heights, West Pullman",21,https://www.zillow.com/homes/for_rent/?searchQueryState=%7B%22isMapVisible%22%3Atrue%2C%22mapBounds%22%3A%7B%22west%22%3A-87.71345817851933%2C%22east%22%3A-87.5850554685584%2C%22south%22%3A41.65744350205702%2C%22north%22%3A41.76214154002138%7D%2C%22mapZoom%22%3A13%2C%22filterState%22%3A%7B%22sort%22%3A%7B%22value%22%3A%22paymentd%22%7D%2C%22land%22%3A%7B%22value%22%3Afalse%7D%2C%22fr%22%3A%7B%22value%22%3Atrue%7D%2C%22fsba%22%3A%7B%22value%22%3Afalse%7D%2C%22fsbo%22%3A%7B%22value%22%3Afalse%7D%2C%22nc%22%3A%7B%22value%22%3Afalse%7D%2C%22cmsn%22%3A%7B%22value%22%3Afalse%7D%2C%22auc%22%3A%7B%22value%22%3Afalse%7D%2C%22fore%22%3A%7B%22value%22%3Afalse%7D%7D%2C%22isListVisible%22%3Atrue%2C%22customRegionId%22%3A%22fdf4568786X1-CR1sr49z6aorj34_xa6p4%22%7D,84,1963,38,7,2,2,11,6,19,13,29,10,11,6,12,2,168,"220,000",2020,70,27,0,0,0,0,14,10,64,32,55,25,23,7,39,84,46.43%,45.24%,8.33%,74,156,47.44%,41.67%,16.07%,113,240,47.08%,42.86%,13.49%,,2.857142857,2.461538462,0,3.557692308,3.391891892,12,33.33%,1595,"182,116",32,17,33,24,5,6,4,8,14,15.88888889,-10,,,,,,,,,
Little Village,22,https://www.zillow.com/homes/for_rent/?searchQueryState=%7B%22isMapVisible%22%3Atrue%2C%22mapBounds%22%3A%7B%22west%22%3A-87.76349603952004%2C%22east%22%3A-87.68873750985695%2C%22south%22%3A41.801064243067046%2C%22north%22%3A41.853317566017466%7D%2C%22mapZoom%22%3A14%2C%22filterState%22%3A%7B%22sort%22%3A%7B%22value%22%3A%22paymentd%22%7D%2C%22land%22%3A%7B%22value%22%3Afalse%7D%2C%22fr%22%3A%7B%22value%22%3Atrue%7D%2C%22fsba%22%3A%7B%22value%22%3Afalse%7D%2C%22fsbo%22%3A%7B%22value%22%3Afalse%7D%2C%22nc%22%3A%7B%22value%22%3Afalse%7D%2C%22cmsn%22%3A%7B%22value%22%3Afalse%7D%2C%22auc%22%3A%7B%22value%22%3Afalse%7D%2C%22fore%22%3A%7B%22value%22%3Afalse%7D%7D%2C%22isListVisible%22%3Atrue%2C%22customRegionId%22%3A%220c63c6875cX1-CR12e9y0nkjk20u_q2bjt%22%7D,26,1425,24,4,1,1,3,3,12,9,8,7,1,1,1,0,26,"342,500",3160,2,1,0,0,0,0,1,0,2,0,9,2,5,0,21,26,80.77%,92.31%,15.38%,2,17,11.76%,7.69%,3.85%,23,43,53.49%,50.00%,9.62%,,2.307692308,2.19047619,0,4.058823529,4,9,50.00%,1403,"226,658",2,4,4,6,24,18,19,13,11,11.22222222,5,,,,,,,,,
"West Elsdon, West Lawn",23,https://www.zillow.com/homes/for_rent/?searchQueryState=%7B%22isMapVisible%22%3Atrue%2C%22mapBounds%22%3A%7B%22west%22%3A-87.81722814964644%2C%22east%22%3A-87.6888254396855%2C%22south%22%3A41.73003225156968%2C%22north%22%3A41.83461208038947%7D%2C%22mapZoom%22%3A13%2C%22filterState%22%3A%7B%22sort%22%3A%7B%22value%22%3A%22paymentd%22%7D%2C%22land%22%3A%7B%22value%22%3Afalse%7D%2C%22fr%22%3A%7B%22value%22%3Atrue%7D%2C%22fsba%22%3A%7B%22value%22%3Afalse%7D%2C%22fsbo%22%3A%7B%22value%22%3Afalse%7D%2C%22nc%22%3A%7B%22value%22%3Afalse%7D%2C%22cmsn%22%3A%7B%22value%22%3Afalse%7D%2C%22auc%22%3A%7B%22value%22%3Afalse%7D%2C%22fore%22%3A%7B%22value%22%3Afalse%7D%7D%2C%22isListVisible%22%3Atrue%2C%22customRegionId%22%3A%2283cc668786X1-CR1s4jq9hfog6u_15ldqn%22%7D,30,1650,20,1,1,1,7,3,12,7,9,4,1,0,0,0,51,"344,900",3200,7,1,1,1,2,0,6,2,16,0,14,0,5,1,15,30,50.00%,66.67%,3.33%,4,44,9.09%,13.73%,1.96%,19,74,25.68%,33.33%,2.47%,,2.066666667,1.933333333,0,3.25,2.25,7,37.04%,1429,"271,204",15,16,15,11,18,19,20,21,20,17.22222222,9,,,,,,,,,
"Lawndale, Homan Square",24,https://www.zillow.com/homes/for_rent/?searchQueryState=%7B%22isMapVisible%22%3Atrue%2C%22mapBounds%22%3A%7B%22west%22%3A-87.75843202889992%2C%22east%22%3A-87.68367349923683%2C%22south%22%3A41.83068182756683%2C%22north%22%3A41.88291097969368%7D%2C%22mapZoom%22%3A14%2C%22filterState%22%3A%7B%22sort%22%3A%7B%22value%22%3A%22paymentd%22%7D%2C%22land%22%3A%7B%22value%22%3Afalse%7D%2C%22fr%22%3A%7B%22value%22%3Atrue%7D%2C%22fsba%22%3A%7B%22value%22%3Afalse%7D%2C%22fsbo%22%3A%7B%22value%22%3Afalse%7D%2C%22nc%22%3A%7B%22value%22%3Afalse%7D%2C%22cmsn%22%3A%7B%22value%22%3Afalse%7D%2C%22auc%22%3A%7B%22value%22%3Afalse%7D%2C%22fore%22%3A%7B%22value%22%3Afalse%7D%7D%2C%22isListVisible%22%3Atrue%2C%22customRegionId%22%3A%223e25b6875aX1-CRfcaely7ubyl9_166g8p%22%7D,154,1600,114,5,4,3,9,6,68,54,46,31,21,12,4,3,55,"397,000",3650,10,4,1,0,0,0,2,2,1,1,6,5,9,2,109,152,71.71%,74.03%,3.25%,10,19,52.63%,18.18%,7.27%,119,171,69.59%,59.33%,4.31%,,2.546052632,2.47706422,2,4,3.7,36,73.68%,1424,"208,841",12,9,12,9,12,5,27,11,3,11.11111111,-6,,,,,,,,,
Pilsen,25,https://www.zillow.com/homes/for_rent/?searchQueryState=%7B%22isMapVisible%22%3Atrue%2C%22mapBounds%22%3A%7B%22west%22%3A-87.73445730373223%2C%22east%22%3A-87.62339239284356%2C%22south%22%3A41.7948087474361%2C%22north%22%3A41.88816590508303%7D%2C%22mapZoom%22%3A13%2C%22filterState%22%3A%7B%22sort%22%3A%7B%22value%22%3A%22paymentd%22%7D%2C%22fr%22%3A%7B%22value%22%3Atrue%7D%2C%22fsba%22%3A%7B%22value%22%3Afalse%7D%2C%22fsbo%22%3A%7B%22value%22%3Afalse%7D%2C%22nc%22%3A%7B%22value%22%3Afalse%7D%2C%22cmsn%22%3A%7B%22value%22%3Afalse%7D%2C%22auc%22%3A%7B%22value%22%3Afalse%7D%2C%22fore%22%3A%7B%22value%22%3Afalse%7D%2C%22land%22%3A%7B%22value%22%3Afalse%7D%7D%2C%22isListVisible%22%3Atrue%2C%22customRegionId%22%3A%22346ab687c5X1-CR1ifagax1bdc7c_wqir6%22%7D,272,1913,129,4,16,1,44,4,111,28,85,12,14,7,1,0,82,"430,000",4200,2,1,1,0,2,0,30,0,16,0,13,1,5,0,52,271,19.19%,47.43%,1.47%,1,67,1.49%,2.44%,1.22%,53,338,15.68%,37.01%,1.41%,,2.147601476,2.384615385,1,2.791044776,4,15,76.84%,1606,"313,093",31,30,30,25,38,34,31,30,29,30.88888889,4,,,,,,,,,
Humboldt Park,26,https://www.zillow.com/homes/for_rent/?searchQueryState=%7B%22isMapVisible%22%3Atrue%2C%22mapBounds%22%3A%7B%22west%22%3A-87.77098933295962%2C%22east%22%3A-87.67056742744204%2C%22south%22%3A41.8789905667324%2C%22north%22%3A41.93124411786962%7D%2C%22filterState%22%3A%7B%22fr%22%3A%7B%22value%22%3Atrue%7D%2C%22fsba%22%3A%7B%22value%22%3Afalse%7D%2C%22fsbo%22%3A%7B%22value%22%3Afalse%7D%2C%22nc%22%3A%7B%22value%22%3Afalse%7D%2C%22cmsn%22%3A%7B%22value%22%3Afalse%7D%2C%22auc%22%3A%7B%22value%22%3Afalse%7D%2C%22fore%22%3A%7B%22value%22%3Afalse%7D%7D%2C%22isListVisible%22%3Atrue%2C%22mapZoom%22%3A14%2C%22customRegionId%22%3A%2227a4f6873eX1-CR1g9rr5ety8qqa_10oe5p%22%2C%22pagination%22%3A%7B%7D%2C%22usersSearchTerm%22%3A%22%22%7D,214,2000,87,3,14,10,22,7,111,22,53,7,11,1,3,0,56,"577,000",5350,0,0,1,0,0,0,10,0,13,0,11,0,6,0,47,214,21.96%,40.65%,1.40%,0,41,0.00%,0.00%,0.00%,47,255,18.43%,32.22%,1.11%,,2.158878505,1.617021277,0,3.243902439,#DIV/0!,15,79.26%,1883,"420,353",36,26,35,38,46,37,40,43,25,36.22222222,-13,,,,,,,,,
"West Town, Goose Island, River West, East Garfield Park",27,https://www.zillow.com/homes/for_rent/?searchQueryState=%7B%22pagination%22%3A%7B%7D%2C%22isMapVisible%22%3Atrue%2C%22mapBounds%22%3A%7B%22west%22%3A-87.73292342262026%2C%22east%22%3A-87.61421958045717%2C%22south%22%3A41.86071089812753%2C%22north%22%3A41.919749451420316%7D%2C%22mapZoom%22%3A14%2C%22customRegionId%22%3A%22278d66873eX1-CR1g9qd9gx4lweq_10oe5p%22%2C%22filterState%22%3A%7B%22fr%22%3A%7B%22value%22%3Atrue%7D%2C%22fsba%22%3A%7B%22value%22%3Afalse%7D%2C%22fsbo%22%3A%7B%22value%22%3Afalse%7D%2C%22nc%22%3A%7B%22value%22%3Afalse%7D%2C%22cmsn%22%3A%7B%22value%22%3Afalse%7D%2C%22auc%22%3A%7B%22value%22%3Afalse%7D%2C%22fore%22%3A%7B%22value%22%3Afalse%7D%7D%2C%22isListVisible%22%3Atrue%7D,904,2987,102,1,146,0,340,4,263,11,119,13,30,14,3,0,142,"550,000",5450,4,3,0,0,14,0,40,0,42,2,19,0,8,0,42,901,4.66%,11.28%,0.11%,2,123,1.63%,2.82%,2.11%,44,1024,4.30%,10.13%,0.38%,,1.507214206,2.880952381,3,2.731707317,3,19,86.42%,2314,"364,369",46,42,49,45,37,32,39,37,42,41,-3,,,,,,,,,
"West Garfield Park, Tri-Taylor, Near West Side",28,https://www.zillow.com/homes/for_rent/?searchQueryState=%7B%22isMapVisible%22%3Atrue%2C%22mapBounds%22%3A%7B%22west%22%3A-87.77065689443498%2C%22east%22%3A-87.6211398351088%2C%22south%22%3A41.82844339584815%2C%22north%22%3A41.932862696977395%7D%2C%22mapZoom%22%3A13%2C%22filterState%22%3A%7B%22sort%22%3A%7B%22value%22%3A%22paymentd%22%7D%2C%22fr%22%3A%7B%22value%22%3Atrue%7D%2C%22fsba%22%3A%7B%22value%22%3Afalse%7D%2C%22fsbo%22%3A%7B%22value%22%3Afalse%7D%2C%22nc%22%3A%7B%22value%22%3Afalse%7D%2C%22cmsn%22%3A%7B%22value%22%3Afalse%7D%2C%22auc%22%3A%7B%22value%22%3Afalse%7D%2C%22fore%22%3A%7B%22value%22%3Afalse%7D%7D%2C%22isListVisible%22%3Atrue%2C%22customRegionId%22%3A%22486a568759X1-CR1o6rv7d36xwbu_1en9nf%22%7D,281,2239,92,11,25,3,50,8,86,25,91,16,26,16,3,2,70,"377,500",3500,6,4,0,0,1,0,7,1,10,1,8,1,12,2,70,281,24.91%,32.74%,3.91%,5,38,13.16%,8.57%,5.71%,75,319,23.51%,27.92%,4.27%,,2.185053381,2.571428571,0,3.605263158,3.8,32,80.06%,1762,"274,107",40,22,41,31,22,16,21,22,22,26.33333333,-9,,,,,,,,,
"Galewood, Austin, The Island",29,https://www.zillow.com/homes/for_rent/?searchQueryState=%7B%22isMapVisible%22%3Atrue%2C%22mapBounds%22%3A%7B%22west%22%3A-87.8313905501267%2C%22east%22%3A-87.72032563923803%2C%22south%22%3A41.8556225935626%2C%22north%22%3A41.948891038017656%7D%2C%22mapZoom%22%3A13%2C%22filterState%22%3A%7B%22sort%22%3A%7B%22value%22%3A%22paymentd%22%7D%2C%22land%22%3A%7B%22value%22%3Afalse%7D%2C%22fr%22%3A%7B%22value%22%3Atrue%7D%2C%22fsba%22%3A%7B%22value%22%3Afalse%7D%2C%22fsbo%22%3A%7B%22value%22%3Afalse%7D%2C%22nc%22%3A%7B%22value%22%3Afalse%7D%2C%22cmsn%22%3A%7B%22value%22%3Afalse%7D%2C%22auc%22%3A%7B%22value%22%3Afalse%7D%2C%22fore%22%3A%7B%22value%22%3Afalse%7D%7D%2C%22isListVisible%22%3Atrue%2C%22customRegionId%22%3A%2234cd9687c6X1-CR1ifagax1a7myw_wqir6%22%2C%22pagination%22%3A%7B%7D%2C%22usersSearchTerm%22%3A%22%22%7D,137,1700,89,19,7,7,26,21,56,27,37,18,8,4,2,0,43,"400,000",3660,3,0,0,0,0,0,3,0,10,2,10,1,11,0,77,136,56.62%,64.96%,13.87%,3,34,8.82%,6.98%,0.00%,80,170,47.06%,51.11%,10.56%,,2.139705882,1.883116883,1,3.852941176,3.333333333,9,76.11%,1423,"263,225",16,14,19,8,26,20,28,19,15,18.33333333,7,,,,,,,,,
"Irving Park, Belmont Craigin, Belmont Central, Portage Park",30,https://www.zillow.com/homes/for_rent/?searchQueryState=%7B%22isMapVisible%22%3Atrue%2C%22mapBounds%22%3A%7B%22west%22%3A-87.81702637979588%2C%22east%22%3A-87.69137025186619%2C%22south%22%3A41.884316034624085%2C%22north%22%3A41.9886440598366%7D%2C%22filterState%22%3A%7B%22sort%22%3A%7B%22value%22%3A%22paymentd%22%7D%2C%22land%22%3A%7B%22value%22%3Afalse%7D%2C%22fr%22%3A%7B%22value%22%3Atrue%7D%2C%22fsba%22%3A%7B%22value%22%3Afalse%7D%2C%22fsbo%22%3A%7B%22value%22%3Afalse%7D%2C%22nc%22%3A%7B%22value%22%3Afalse%7D%2C%22cmsn%22%3A%7B%22value%22%3Afalse%7D%2C%22auc%22%3A%7B%22value%22%3Afalse%7D%2C%22fore%22%3A%7B%22value%22%3Afalse%7D%7D%2C%22isListVisible%22%3Atrue%2C%22customRegionId%22%3A%223529f687c7X1-CR1if92ez4jkc94_wqir6%22%2C%22usersSearchTerm%22%3A%22%22%2C%22pagination%22%3A%7B%7D%2C%22mapZoom%22%3A13%7D,118,1850,60,2,8,4,30,6,53,13,25,3,2,0,0,0,54,"594,500",5440,2,0,0,0,1,0,6,0,12,0,19,0,7,0,26,118,22.03%,50.85%,1.69%,0,45,0.00%,3.70%,0.00%,26,163,15.95%,36.05%,1.16%,,1.855932203,1.576923077,0,3.555555556,#DIV/0!,9,68.60%,1587,"368,101",28,25,28,23,36,37,42,39,28,31.77777778,5,,,,,,,,,
"Hermosa, Craigin, Belmont Gardens",31,https://www.zillow.com/homes/for_rent/?searchQueryState=%7B%22isMapVisible%22%3Atrue%2C%22mapBounds%22%3A%7B%22west%22%3A-87.77679219485785%2C%22east%22%3A-87.713964130893%2C%22south%22%3A41.90357210563234%2C%22north%22%3A41.95574171286587%7D%2C%22filterState%22%3A%7B%22sort%22%3A%7B%22value%22%3A%22paymentd%22%7D%2C%22land%22%3A%7B%22value%22%3Afalse%7D%2C%22fr%22%3A%7B%22value%22%3Atrue%7D%2C%22fsba%22%3A%7B%22value%22%3Afalse%7D%2C%22fsbo%22%3A%7B%22value%22%3Afalse%7D%2C%22nc%22%3A%7B%22value%22%3Afalse%7D%2C%22cmsn%22%3A%7B%22value%22%3Afalse%7D%2C%22auc%22%3A%7B%22value%22%3Afalse%7D%2C%22fore%22%3A%7B%22value%22%3Afalse%7D%7D%2C%22isListVisible%22%3Atrue%2C%22mapZoom%22%3A14%2C%22customRegionId%22%3A%2232cc1687c7X1-CR36159iky55xl_15ecy9%22%2C%22usersSearchTerm%22%3A%22%22%2C%22pagination%22%3A%7B%7D%7D,105,1685,67,1,6,2,37,11,45,15,14,2,3,0,0,0,35,"549,900",5030,2,0,0,0,1,1,4,0,2,0,10,0,6,0,30,105,28.57%,63.81%,0.95%,1,23,4.35%,5.71%,0.00%,31,128,24.22%,49.29%,0.71%,,1.723809524,1.566666667,0,3.695652174,1,12,75.00%,1559,"341,322",18,21,17,21,30,24,38,33,21,24.77777778,0,,,,,,,,,
"Bucktown, Wicker Park, Roscoe Village",32,https://www.zillow.com/homes/for_rent/?searchQueryState=%7B%22isMapVisible%22%3Atrue%2C%22mapBounds%22%3A%7B%22west%22%3A-87.82199862460416%2C%22east%22%3A-87.621154813569%2C%22south%22%3A41.87276241395649%2C%22north%22%3A41.977236936790135%7D%2C%22mapZoom%22%3A13%2C%22filterState%22%3A%7B%22fr%22%3A%7B%22value%22%3Atrue%7D%2C%22fsba%22%3A%7B%22value%22%3Afalse%7D%2C%22fsbo%22%3A%7B%22value%22%3Afalse%7D%2C%22nc%22%3A%7B%22value%22%3Afalse%7D%2C%22cmsn%22%3A%7B%22value%22%3Afalse%7D%2C%22auc%22%3A%7B%22value%22%3Afalse%7D%2C%22fore%22%3A%7B%22value%22%3Afalse%7D%7D%2C%22isListVisible%22%3Atrue%2C%22customRegionId%22%3A%22557666873eX1-CR1nfe09x0ulzcd_v9569%22%7D,310,2800,32,1,19,4,67,1,126,1,82,0,13,0,2,0,106,"962,500",9050,0,0,0,0,5,0,24,0,31,0,16,0,6,0,6,309,1.94%,10.32%,0.32%,0,82,0.00%,0.00%,0.00%,6,391,1.53%,7.69%,0.24%,,2.029126214,0.5,1,2.926829268,#DIV/0!,24,74.52%,2246,"510,879",47,43,48,44,46,37,50,48,43,45.11111111,-1,,,,,,,,,
"Albany Park, Irving Park",33,https://www.zillow.com/homes/for_rent/?searchQueryState=%7B%22isMapVisible%22%3Atrue%2C%22mapBounds%22%3A%7B%22west%22%3A-87.73938580811301%2C%22east%22%3A-87.67655774414817%2C%22south%22%3A41.931992910610056%2C%22north%22%3A41.98413927771007%7D%2C%22filterState%22%3A%7B%22sort%22%3A%7B%22value%22%3A%22paymentd%22%7D%2C%22land%22%3A%7B%22value%22%3Afalse%7D%2C%22fr%22%3A%7B%22value%22%3Atrue%7D%2C%22fsba%22%3A%7B%22value%22%3Afalse%7D%2C%22fsbo%22%3A%7B%22value%22%3Afalse%7D%2C%22nc%22%3A%7B%22value%22%3Afalse%7D%2C%22cmsn%22%3A%7B%22value%22%3Afalse%7D%2C%22auc%22%3A%7B%22value%22%3Afalse%7D%2C%22fore%22%3A%7B%22value%22%3Afalse%7D%7D%2C%22isListVisible%22%3Atrue%2C%22mapZoom%22%3A14%2C%22customRegionId%22%3A%2261b2c687c8X1-CR16tdjyywedcrt_1745wd%22%2C%22usersSearchTerm%22%3A%22%22%2C%22pagination%22%3A%7B%7D%7D,227,1795,133,10,28,14,46,6,105,15,41,3,7,0,0,0,52,"549,900",5030,2,0,0,0,1,1,19,0,5,0,11,0,5,0,38,227,16.74%,58.59%,4.41%,1,41,2.44%,3.85%,0.00%,39,268,14.55%,48.39%,3.58%,,1.792951542,1.184210526,0,3,1,11,81.36%,1826,"443,772",21,31,22,35,35,29,37,46,30,31.77777778,-5,,,,,,,,,
"West Loop, Loop, UIC",34,https://www.zillow.com/homes/for_rent/?searchQueryState=%7B%22isMapVisible%22%3Atrue%2C%22mapBounds%22%3A%7B%22west%22%3A-87.67214583300007%2C%22east%22%3A-87.61652754686726%2C%22south%22%3A41.84991758512707%2C%22north%22%3A41.90890223236486%7D%2C%22filterState%22%3A%7B%22sort%22%3A%7B%22value%22%3A%22paymentd%22%7D%2C%22fr%22%3A%7B%22value%22%3Atrue%7D%2C%22fsba%22%3A%7B%22value%22%3Afalse%7D%2C%22fsbo%22%3A%7B%22value%22%3Afalse%7D%2C%22nc%22%3A%7B%22value%22%3Afalse%7D%2C%22cmsn%22%3A%7B%22value%22%3Afalse%7D%2C%22auc%22%3A%7B%22value%22%3Afalse%7D%2C%22fore%22%3A%7B%22value%22%3Afalse%7D%7D%2C%22isListVisible%22%3Atrue%2C%22customRegionId%22%3A%2283d9a68847X1-CR18t77bdszp2p8_1dbibj%22%2C%22pagination%22%3A%7B%7D%2C%22usersSearchTerm%22%3A%22%22%2C%22mapZoom%22%3A14%7D,1270,2797,73,1,282,1,617,0,286,0,69,2,16,8,0,0,233,"425,000",4600,2,0,1,0,81,0,109,0,28,0,12,0,2,0,11,1270,0.87%,5.75%,0.08%,0,233,0.00%,0.86%,0.00%,11,1503,0.73%,4.99%,0.07%,,1.149606299,3.454545455,0,1.892703863,#DIV/0!,0,84.50%,2546,"341,683",49,46,47,47,43,37,30,34,47,42.22222222,0,,,,,,,,,
"Logan Square, Avondale",35,https://www.zillow.com/homes/for_rent/?searchQueryState=%7B%22isMapVisible%22%3Atrue%2C%22mapBounds%22%3A%7B%22west%22%3A-87.75476444696199%2C%22east%22%3A-87.65434254144441%2C%22south%22%3A41.9050721355904%2C%22north%22%3A41.957304343989925%7D%2C%22mapZoom%22%3A14%2C%22filterState%22%3A%7B%22sort%22%3A%7B%22value%22%3A%22paymentd%22%7D%2C%22fr%22%3A%7B%22value%22%3Atrue%7D%2C%22fsba%22%3A%7B%22value%22%3Afalse%7D%2C%22fsbo%22%3A%7B%22value%22%3Afalse%7D%2C%22nc%22%3A%7B%22value%22%3Afalse%7D%2C%22cmsn%22%3A%7B%22value%22%3Afalse%7D%2C%22auc%22%3A%7B%22value%22%3Afalse%7D%2C%22fore%22%3A%7B%22value%22%3Afalse%7D%7D%2C%22isListVisible%22%3Atrue%2C%22customRegionId%22%3A%22287dd6873fX1-CR1g9qd9gwzj7f6_10oe5p%22%7D,346,2195,116,1,51,6,66,6,152,13,70,2,6,0,1,0,61,"650,000",6330,1,1,0,0,3,0,10,1,8,0,14,0,11,0,27,346,7.80%,33.53%,0.29%,1,46,2.17%,1.64%,1.64%,28,392,7.14%,28.75%,0.49%,,1.760115607,1.407407407,0,3.434782609,2,15,85.01%,1956,"484,824",38,39,38,40,40,30,44,47,39,39.44444444,-1,,,,,,,,,
"Grand, Ukranian Village, Hanson Park, Montclare",36,https://www.zillow.com/homes/for_rent/?searchQueryState=%7B%22isMapVisible%22%3Atrue%2C%22mapBounds%22%3A%7B%22west%22%3A-87.81700219609719%2C%22east%22%3A-87.64585580327493%2C%22south%22%3A41.88036419299237%2C%22north%22%3A41.95023737396883%7D%2C%22mapZoom%22%3A13%2C%22filterState%22%3A%7B%22sort%22%3A%7B%22value%22%3A%22paymentd%22%7D%2C%22land%22%3A%7B%22value%22%3Afalse%7D%2C%22fr%22%3A%7B%22value%22%3Atrue%7D%2C%22fsba%22%3A%7B%22value%22%3Afalse%7D%2C%22fsbo%22%3A%7B%22value%22%3Afalse%7D%2C%22nc%22%3A%7B%22value%22%3Afalse%7D%2C%22cmsn%22%3A%7B%22value%22%3Afalse%7D%2C%22auc%22%3A%7B%22value%22%3Afalse%7D%2C%22fore%22%3A%7B%22value%22%3Afalse%7D%7D%2C%22isListVisible%22%3Atrue%2C%22customRegionId%22%3A%2261558687c6X1-CR16texuwt1ozqh_1745wd%22%2C%22usersSearchTerm%22%3A%22%22%2C%22pagination%22%3A%7B%7D%7D,168,2200,49,2,1,1,25,5,91,10,39,2,9,0,3,0,87,"644,000",5950,1,1,0,0,2,0,22,0,17,0,28,2,6,0,18,168,10.71%,29.17%,1.19%,2,75,2.67%,1.15%,1.15%,20,243,8.23%,19.61%,1.18%,,2.232142857,1.722222222,0,3.186666667,4,12,65.88%,1770,"364,612",42,37,40,33,42,26,43,38,37,37.55555556,4,,,,,,,,,
"Austin, West Humboldt Park",37,https://www.zillow.com/homes/for_rent/?searchQueryState=%7B%22isMapVisible%22%3Atrue%2C%22mapBounds%22%3A%7B%22west%22%3A-87.77392712173351%2C%22east%22%3A-87.71109905776866%2C%22south%22%3A41.87362512236289%2C%22north%22%3A41.9258192038376%7D%2C%22filterState%22%3A%7B%22sort%22%3A%7B%22value%22%3A%22paymentd%22%7D%2C%22land%22%3A%7B%22value%22%3Afalse%7D%2C%22fr%22%3A%7B%22value%22%3Atrue%7D%2C%22fsba%22%3A%7B%22value%22%3Afalse%7D%2C%22fsbo%22%3A%7B%22value%22%3Afalse%7D%2C%22nc%22%3A%7B%22value%22%3Afalse%7D%2C%22cmsn%22%3A%7B%22value%22%3Afalse%7D%2C%22auc%22%3A%7B%22value%22%3Afalse%7D%2C%22fore%22%3A%7B%22value%22%3Afalse%7D%7D%2C%22isListVisible%22%3Atrue%2C%22mapZoom%22%3A14%2C%22customRegionId%22%3A%2232f10687c8X1-CR362j5ghn3vwp_15ecy9%22%2C%22usersSearchTerm%22%3A%22%22%2C%22pagination%22%3A%7B%7D%7D,89,1600,67,6,3,3,9,9,44,31,19,11,11,5,2,0,71,"419,000",3840,12,2,0,0,1,1,4,2,12,2,13,4,23,3,59,88,67.05%,75.28%,6.74%,12,53,22.64%,16.90%,2.82%,71,141,50.35%,49.38%,5.00%,,2.363636364,2.101694915,1,4,3.5,18,55.63%,1471,"244,125",11,10,13,14,15,13,29,16,13,14.88888889,-1,,,,,,,,,
"Dunning, Schorsch Village",38,https://www.zillow.com/homes/for_rent/?searchQueryState=%7B%22isMapVisible%22%3Atrue%2C%22mapBounds%22%3A%7B%22west%22%3A-87.8736118040695%2C%22east%22%3A-87.73542439562223%2C%22south%22%3A41.89500474945082%2C%22north%22%3A41.99931530184456%7D%2C%22filterState%22%3A%7B%22sort%22%3A%7B%22value%22%3A%22paymentd%22%7D%2C%22fr%22%3A%7B%22value%22%3Atrue%7D%2C%22fsba%22%3A%7B%22value%22%3Afalse%7D%2C%22fsbo%22%3A%7B%22value%22%3Afalse%7D%2C%22nc%22%3A%7B%22value%22%3Afalse%7D%2C%22cmsn%22%3A%7B%22value%22%3Afalse%7D%2C%22auc%22%3A%7B%22value%22%3Afalse%7D%2C%22fore%22%3A%7B%22value%22%3Afalse%7D%2C%22land%22%3A%7B%22value%22%3Afalse%7D%7D%2C%22isListVisible%22%3Atrue%2C%22mapZoom%22%3A13%2C%22customRegionId%22%3A%22a6901687dcX1-CRubjk1i0zigei_16lwj1%22%7D,51,2099,22,1,2,2,7,4,25,5,15,0,2,0,0,0,68,"474,000",4340,4,0,1,0,3,0,12,0,15,0,15,0,11,0,11,51,21.57%,43.14%,1.96%,0,57,0.00%,5.88%,0.00%,11,108,10.19%,21.85%,0.84%,,2.156862745,1.272727273,0,3.280701754,#DIV/0!,11,42.86%,1577,"344,429",34,27,36,22,29,37,33,35,33,31.77777778,11,,,,,,,,,
"Mayfair, North Park, Sauganash, Edgebrook",39,https://www.zillow.com/homes/for_rent/?searchQueryState=%7B%22isMapVisible%22%3Atrue%2C%22mapBounds%22%3A%7B%22west%22%3A-87.79778529454856%2C%22east%22%3A-87.68981028844505%2C%22south%22%3A41.933525855054754%2C%22north%22%3A42.03777340704317%7D%2C%22mapZoom%22%3A13%2C%22filterState%22%3A%7B%22sort%22%3A%7B%22value%22%3A%22paymentd%22%7D%2C%22fr%22%3A%7B%22value%22%3Atrue%7D%2C%22fsba%22%3A%7B%22value%22%3Afalse%7D%2C%22fsbo%22%3A%7B%22value%22%3Afalse%7D%2C%22nc%22%3A%7B%22value%22%3Afalse%7D%2C%22cmsn%22%3A%7B%22value%22%3Afalse%7D%2C%22auc%22%3A%7B%22value%22%3Afalse%7D%2C%22fore%22%3A%7B%22value%22%3Afalse%7D%2C%22land%22%3A%7B%22value%22%3Afalse%7D%7D%2C%22isListVisible%22%3Atrue%2C%22customRegionId%22%3A%2288a4d6881aX1-CR56r0uogcctrk_12z9oq%22%7D,104,1800,58,0,9,5,29,2,39,4,18,1,7,0,2,0,67,"519,900",4900,4,0,0,0,4,0,19,0,9,0,14,0,7,0,12,104,11.54%,55.77%,0.00%,0,53,0.00%,5.97%,0.00%,12,157,7.64%,36.26%,0.00%,,1.913461538,1.083333333,0,3.018867925,#DIV/0!,14,60.82%,1766,"420,435",23,35,25,32,28,37,36,44,38,33.11111111,6,,,,,,,,,
"Andersonville, Ravenswood",40,https://www.zillow.com/homes/for_rent/?searchQueryState=%7B%22isMapVisible%22%3Atrue%2C%22mapBounds%22%3A%7B%22west%22%3A-87.73375560094505%2C%22east%22%3A-87.63350535680442%2C%22south%22%3A41.95867827466782%2C%22north%22%3A42.011312997439155%7D%2C%22mapZoom%22%3A14%2C%22filterState%22%3A%7B%22sort%22%3A%7B%22value%22%3A%22paymentd%22%7D%2C%22fr%22%3A%7B%22value%22%3Atrue%7D%2C%22fsba%22%3A%7B%22value%22%3Afalse%7D%2C%22fsbo%22%3A%7B%22value%22%3Afalse%7D%2C%22nc%22%3A%7B%22value%22%3Afalse%7D%2C%22cmsn%22%3A%7B%22value%22%3Afalse%7D%2C%22auc%22%3A%7B%22value%22%3Afalse%7D%2C%22fore%22%3A%7B%22value%22%3Afalse%7D%2C%22land%22%3A%7B%22value%22%3Afalse%7D%7D%2C%22isListVisible%22%3Atrue%2C%22customRegionId%22%3A%2291ac36881bX1-CR1uz5awwisooq9_rl3qf%22%7D,209,1925,102,2,18,9,65,9,84,5,40,0,2,0,0,0,51,"325,000",3210,9,0,0,0,7,0,18,1,10,2,7,0,4,0,23,209,11.00%,48.80%,0.96%,3,46,6.52%,17.65%,0.00%,26,255,10.20%,42.69%,0.77%,,1.727272727,0.8260869565,0,2.630434783,2.666666667,5,80.38%,1704,"328,835",30,36,32,28,13,22,18,32,32,27,4,,,,,,,,,
"O'Hare, Norwood Park, Edison Park",41,https://www.zillow.com/homes/for_rent/?searchQueryState=%7B%22isMapVisible%22%3Atrue%2C%22mapBounds%22%3A%7B%22west%22%3A-87.93769839267057%2C%22east%22%3A-87.73685458163541%2C%22south%22%3A41.93185368572409%2C%22north%22%3A42.036231470215405%7D%2C%22mapZoom%22%3A13%2C%22filterState%22%3A%7B%22fr%22%3A%7B%22value%22%3Atrue%7D%2C%22fsba%22%3A%7B%22value%22%3Afalse%7D%2C%22fsbo%22%3A%7B%22value%22%3Afalse%7D%2C%22nc%22%3A%7B%22value%22%3Afalse%7D%2C%22cmsn%22%3A%7B%22value%22%3Afalse%7D%2C%22auc%22%3A%7B%22value%22%3Afalse%7D%2C%22fore%22%3A%7B%22value%22%3Afalse%7D%7D%2C%22isListVisible%22%3Atrue%2C%22customRegionId%22%3A%222814f6873fX1-CR1g9rr5etu6kia_10oe5p%22%7D,202,1733,112,0,11,0,88,0,81,1,19,0,1,0,2,0,70,"464,000",4250,4,1,1,1,5,0,16,0,20,0,14,0,8,0,1,202,0.50%,55.45%,0.00%,1,64,1.56%,5.71%,1.43%,2,266,0.75%,42.65%,0.37%,,1.589108911,2,0,3.015625,0,6,74.26%,2464,"363,803",24,49,20,46,31,33,32,36,46,35.22222222,0,,,,,,,,,
River North,42,https://www.zillow.com/homes/for_rent/?searchQueryState=%7B%22pagination%22%3A%7B%7D%2C%22isMapVisible%22%3Atrue%2C%22mapBounds%22%3A%7B%22west%22%3A-87.67911846517472%2C%22east%22%3A-87.58161480306535%2C%22south%22%3A41.82981844174811%2C%22north%22%3A41.94904709596673%7D%2C%22mapZoom%22%3A13%2C%22customRegionId%22%3A%223ce2768758X1-CRfcaely7tpb6l_166g8p%22%2C%22filterState%22%3A%7B%22sort%22%3A%7B%22value%22%3A%22paymentd%22%7D%2C%22land%22%3A%7B%22value%22%3Afalse%7D%2C%22auc%22%3A%7B%22value%22%3Afalse%7D%2C%22fr%22%3A%7B%22value%22%3Atrue%7D%2C%22fsba%22%3A%7B%22value%22%3Afalse%7D%2C%22fsbo%22%3A%7B%22value%22%3Afalse%7D%2C%22nc%22%3A%7B%22value%22%3Afalse%7D%2C%22cmsn%22%3A%7B%22value%22%3Afalse%7D%2C%22fore%22%3A%7B%22value%22%3Afalse%7D%7D%2C%22isListVisible%22%3Atrue%2C%22usersSearchTerm%22%3A%22%22%7D,1291,3103,22,0,251,0,700,3,283,0,54,0,3,1,0,0,517,"665,000",7600,1,1,36,0,143,1,180,0,123,0,25,0,6,0,4,1291,0.31%,1.70%,0.00%,1,513,0.19%,0.19%,0.19%,5,1804,0.28%,1.27%,0.06%,,1.115414407,1.75,0,1.953216374,1,4,71.40%,2558,"318,526",50,50,50,48,45,36,45,31,50,45,2,,,,,,,,,
Lincoln Park,43,https://www.zillow.com/homes/for_rent/?searchQueryState=%7B%22isMapVisible%22%3Atrue%2C%22mapBounds%22%3A%7B%22west%22%3A-87.67289534150738%2C%22east%22%3A-87.606548219315%2C%22south%22%3A41.88170212393942%2C%22north%22%3A41.94908429945119%7D%2C%22mapZoom%22%3A14%2C%22filterState%22%3A%7B%22sort%22%3A%7B%22value%22%3A%22paymentd%22%7D%2C%22fr%22%3A%7B%22value%22%3Atrue%7D%2C%22fsba%22%3A%7B%22value%22%3Afalse%7D%2C%22fsbo%22%3A%7B%22value%22%3Afalse%7D%2C%22nc%22%3A%7B%22value%22%3Afalse%7D%2C%22cmsn%22%3A%7B%22value%22%3Afalse%7D%2C%22auc%22%3A%7B%22value%22%3Afalse%7D%2C%22fore%22%3A%7B%22value%22%3Afalse%7D%2C%22land%22%3A%7B%22value%22%3Afalse%7D%7D%2C%22isListVisible%22%3Atrue%2C%22customRegionId%22%3A%22beb3368828X1-CRgn9wxby0cgf6_tqczv%22%7D,531,2475,107,1,139,5,238,2,102,0,43,0,6,0,3,0,144,"899,900",10700,0,0,4,0,21,0,29,0,37,0,25,0,8,0,7,531,1.32%,20.15%,0.19%,0,124,0.00%,0.00%,0.00%,7,655,1.07%,15.85%,0.15%,,1.148775895,0.2857142857,0,2.661290323,#DIV/0!,20,78.67%,2576,"546,801",43,45,43,50,46,37,49,50,45,45.33333333,-5,,,,,,,,,
Lakeview,44,https://www.zillow.com/homes/for_rent/?searchQueryState=%7B%22isMapVisible%22%3Atrue%2C%22mapBounds%22%3A%7B%22west%22%3A-87.66958013116498%2C%22east%22%3A-87.6240898662724%2C%22south%22%3A41.925067106217604%2C%22north%22%3A41.95874419862819%7D%2C%22mapZoom%22%3A15%2C%22filterState%22%3A%7B%22sort%22%3A%7B%22value%22%3A%22paymentd%22%7D%2C%22land%22%3A%7B%22value%22%3Afalse%7D%2C%22mcp%22%3A%7B%22max%22%3A2302%7D%2C%22price%22%3A%7B%22max%22%3A447495%7D%2C%22fr%22%3A%7B%22value%22%3Atrue%7D%2C%22fsba%22%3A%7B%22value%22%3Afalse%7D%2C%22fsbo%22%3A%7B%22value%22%3Afalse%7D%2C%22nc%22%3A%7B%22value%22%3Afalse%7D%2C%22cmsn%22%3A%7B%22value%22%3Afalse%7D%2C%22auc%22%3A%7B%22value%22%3Afalse%7D%2C%22fore%22%3A%7B%22value%22%3Afalse%7D%7D%2C%22isListVisible%22%3Atrue%2C%22listPriceActive%22%3Afalse%2C%22customRegionId%22%3A%227347068829X1-CR1ezcb44vum0_zl27f%22%7D,650,2300,213,3,196,9,206,0,148,0,70,0,23,0,5,0,80,"679,500",7650,0,0,3,0,9,0,25,0,20,0,10,0,4,0,9,648,1.39%,32.77%,0.46%,0,71,0.00%,0.00%,0.00%,9,719,1.25%,29.18%,0.41%,,1.279320988,0,2,2.521126761,#DIV/0!,9,89.04%,2101,"420,521",39,44,42,42,46,37,46,45,44,42.77777778,2,,,,,,,,,
"Jefferson Park, Wildwood",45,https://www.zillow.com/homes/for_rent/?searchQueryState=%7B%22isMapVisible%22%3Atrue%2C%22mapBounds%22%3A%7B%22west%22%3A-87.81233273890736%2C%22east%22%3A-87.70401441004994%2C%22south%22%3A41.888823455257054%2C%22north%22%3A42.033575075923046%7D%2C%22filterState%22%3A%7B%22sort%22%3A%7B%22value%22%3A%22paymentd%22%7D%2C%22land%22%3A%7B%22value%22%3Afalse%7D%2C%22fr%22%3A%7B%22value%22%3Atrue%7D%2C%22fsba%22%3A%7B%22value%22%3Afalse%7D%2C%22fsbo%22%3A%7B%22value%22%3Afalse%7D%2C%22nc%22%3A%7B%22value%22%3Afalse%7D%2C%22cmsn%22%3A%7B%22value%22%3Afalse%7D%2C%22auc%22%3A%7B%22value%22%3Afalse%7D%2C%22fore%22%3A%7B%22value%22%3Afalse%7D%7D%2C%22isListVisible%22%3Atrue%2C%22mapZoom%22%3A13%2C%22listPriceActive%22%3Afalse%2C%22customRegionId%22%3A%227ddba68841X1-CR1gd890y0988_zl27f%22%2C%22pagination%22%3A%7B%7D%2C%22usersSearchTerm%22%3A%22%22%7D,135,1800,71,2,5,5,40,5,54,7,28,1,4,0,4,0,54,"490,000",4500,4,1,0,0,3,0,9,0,11,0,9,0,13,0,18,135,13.33%,52.59%,1.48%,0,45,0.00%,7.41%,1.85%,18,180,10.00%,39.68%,1.59%,,1.985185185,1.222222222,0,3.444444444,#DIV/0!,9,71.43%,1745,"416,731",26,33,24,30,25,37,34,42,34,31.66666667,4,,,,,,,,,
"Uptown, Buena Park",46,https://www.zillow.com/homes/for_rent/?searchQueryState=%7B%22isMapVisible%22%3Atrue%2C%22mapBounds%22%3A%7B%22west%22%3A-87.68114746458329%2C%22east%22%3A-87.6251000250081%2C%22south%22%3A41.92110415840224%2C%22north%22%3A41.98844474040607%7D%2C%22filterState%22%3A%7B%22sort%22%3A%7B%22value%22%3A%22paymentd%22%7D%2C%22land%22%3A%7B%22value%22%3Afalse%7D%2C%22fr%22%3A%7B%22value%22%3Atrue%7D%2C%22fsba%22%3A%7B%22value%22%3Afalse%7D%2C%22fsbo%22%3A%7B%22value%22%3Afalse%7D%2C%22nc%22%3A%7B%22value%22%3Afalse%7D%2C%22cmsn%22%3A%7B%22value%22%3Afalse%7D%2C%22auc%22%3A%7B%22value%22%3Afalse%7D%2C%22fore%22%3A%7B%22value%22%3Afalse%7D%7D%2C%22isListVisible%22%3Atrue%2C%22listPriceActive%22%3Afalse%2C%22customRegionId%22%3A%227e03068841X1-CR1gd890rypiw_zl27f%22%2C%22mapZoom%22%3A14%7D,669,1995,284,21,160,40,305,3,139,3,56,0,8,0,1,0,126,"268,500",3200,6,2,15,0,47,0,2,2,20,0,7,0,3,0,46,669,6.88%,42.45%,3.14%,2,94,2.13%,4.76%,1.59%,48,763,6.29%,36.48%,2.89%,,1.177877429,0.1956521739,0,1.638297872,2,32,84.15%,1851,"310,477",35,41,34,36,33,31,12,29,41,32.44444444,5,,,,,,,,,
"North Center, Lincoln Square",47,https://www.zillow.com/homes/for_rent/?searchQueryState=%7B%22isMapVisible%22%3Atrue%2C%22mapBounds%22%3A%7B%22west%22%3A-87.7321338937692%2C%22east%22%3A-87.63171198825162%2C%22south%22%3A41.92827782337016%2C%22north%22%3A41.98049103329849%7D%2C%22mapZoom%22%3A14%2C%22filterState%22%3A%7B%22fr%22%3A%7B%22value%22%3Atrue%7D%2C%22fsba%22%3A%7B%22value%22%3Afalse%7D%2C%22fsbo%22%3A%7B%22value%22%3Afalse%7D%2C%22nc%22%3A%7B%22value%22%3Afalse%7D%2C%22cmsn%22%3A%7B%22value%22%3Afalse%7D%2C%22auc%22%3A%7B%22value%22%3Afalse%7D%2C%22fore%22%3A%7B%22value%22%3Afalse%7D%7D%2C%22isListVisible%22%3Atrue%2C%22customRegionId%22%3A%22ef5ee6873eX1-CR16vt79k0yl8k5_13ojwh%22%7D,399,2175,156,4,72,22,135,6,124,0,54,0,8,0,5,0,50,"799,000",7340,1,0,0,0,9,0,7,0,14,0,4,0,6,0,28,398,7.04%,39.10%,1.00%,0,40,0.00%,2.00%,0.00%,28,438,6.39%,34.97%,0.89%,,1.512562814,0.2142857143,1,2.775,#DIV/0!,10,88.86%,1853,"394,572",37,40,37,37,39,37,48,41,40,39.55555556,3,,,,,,,,,
Edgewater,48,https://www.zillow.com/homes/for_rent/?searchQueryState=%7B%22pagination%22%3A%7B%7D%2C%22isMapVisible%22%3Atrue%2C%22mapBounds%22%3A%7B%22west%22%3A-87.68503178240155%2C%22east%22%3A-87.62829769731854%2C%22south%22%3A41.953020673264305%2C%22north%22%3A42.01191010196991%7D%2C%22mapZoom%22%3A14%2C%22customRegionId%22%3A%2228ae06873fX1-CR1g9rr5etsxg0i_10oe5p%22%2C%22filterState%22%3A%7B%22sort%22%3A%7B%22value%22%3A%22paymentd%22%7D%2C%22fr%22%3A%7B%22value%22%3Atrue%7D%2C%22fsba%22%3A%7B%22value%22%3Afalse%7D%2C%22fsbo%22%3A%7B%22value%22%3Afalse%7D%2C%22nc%22%3A%7B%22value%22%3Afalse%7D%2C%22cmsn%22%3A%7B%22value%22%3Afalse%7D%2C%22auc%22%3A%7B%22value%22%3Afalse%7D%2C%22fore%22%3A%7B%22value%22%3Afalse%7D%7D%2C%22isListVisible%22%3Atrue%2C%22usersSearchTerm%22%3A%22%22%7D,492,1841,254,22,132,50,207,8,107,2,37,0,9,0,0,0,122,"235,000",3200,11,1,6,0,51,1,38,0,20,0,2,0,4,0,60,492,12.20%,51.63%,4.47%,1,121,0.83%,9.02%,0.82%,61,613,9.95%,43.16%,3.75%,,1.154471545,0.2,0,1.776859504,1,1,80.13%,1726,"286,706",27,34,27,29,21,35,5,26,35,26.55555556,6,,,,,,,,,
Rogers Park,49,https://www.zillow.com/homes/for_rent/?searchQueryState=%7B%22pagination%22%3A%7B%7D%2C%22isMapVisible%22%3Atrue%2C%22mapBounds%22%3A%7B%22west%22%3A-87.69384556457793%2C%22east%22%3A-87.63822727844511%2C%22south%22%3A41.97928071646861%2C%22north%22%3A42.03814586286369%7D%2C%22mapZoom%22%3A14%2C%22customRegionId%22%3A%222924c68740X1-CR1g9qd9gwz7j2q_10oe5p%22%2C%22filterState%22%3A%7B%22sort%22%3A%7B%22value%22%3A%22paymentd%22%7D%2C%22auc%22%3A%7B%22value%22%3Afalse%7D%2C%22land%22%3A%7B%22value%22%3Afalse%7D%2C%22fr%22%3A%7B%22value%22%3Atrue%7D%2C%22fsba%22%3A%7B%22value%22%3Afalse%7D%2C%22fsbo%22%3A%7B%22value%22%3Afalse%7D%2C%22nc%22%3A%7B%22value%22%3Afalse%7D%2C%22cmsn%22%3A%7B%22value%22%3Afalse%7D%2C%22fore%22%3A%7B%22value%22%3Afalse%7D%7D%2C%22isListVisible%22%3Atrue%2C%22usersSearchTerm%22%3A%22%22%7D,644,1650,416,31,124,73,230,39,191,17,92,7,6,0,1,0,63,"251,500",2730,10,3,1,0,10,2,31,1,14,0,4,0,1,0,136,644,21.12%,64.60%,4.81%,3,61,4.92%,15.87%,4.76%,139,705,19.72%,60.25%,4.81%,,1.423913043,0.6911764706,0,2.213114754,1.333333333,2,91.09%,1544,"239,476",17,28,16,20,16,23,10,15,24,18.77777778,4,,,,,,,,,
West Ridge,50,https://www.zillow.com/homes/for_rent/?searchQueryState=%7B%22isMapVisible%22%3Atrue%2C%22mapBounds%22%3A%7B%22west%22%3A-87.73336801072307%2C%22east%22%3A-87.64762315293498%2C%22south%22%3A41.97045166615088%2C%22north%22%3A42.02932497802876%7D%2C%22filterState%22%3A%7B%22sort%22%3A%7B%22value%22%3A%22paymentd%22%7D%2C%22land%22%3A%7B%22value%22%3Afalse%7D%2C%22fr%22%3A%7B%22value%22%3Atrue%7D%2C%22fsba%22%3A%7B%22value%22%3Afalse%7D%2C%22fsbo%22%3A%7B%22value%22%3Afalse%7D%2C%22nc%22%3A%7B%22value%22%3Afalse%7D%2C%22cmsn%22%3A%7B%22value%22%3Afalse%7D%2C%22auc%22%3A%7B%22value%22%3Afalse%7D%2C%22fore%22%3A%7B%22value%22%3Afalse%7D%7D%2C%22isListVisible%22%3Atrue%2C%22mapZoom%22%3A14%2C%22listPriceActive%22%3Afalse%2C%22customRegionId%22%3A%227e33968841X1-CR1gd890vlcc8_zl27f%22%7D,124,1695,74,2,6,2,25,9,56,16,31,2,6,0,1,0,53,"299,900",3700,6,0,0,0,6,0,17,0,11,0,4,0,8,0,29,125,23.20%,59.68%,1.61%,0,46,0.00%,11.32%,0.00%,29,171,16.96%,45.20%,1.13%,,2.072,1.620689655,-1,2.804347826,#DIV/0!,7,70.06%,1644,"290,822",20,23,18,27,20,37,15,27,27,23.77777778,0,,,,,,,,,
Chicago,-,https://www.zillow.com/chicago-il/rentals/?searchQueryState=%7B%22pagination%22%3A%7B%7D%2C%22isMapVisible%22%3Atrue%2C%22listPriceActive%22%3Afalse%2C%22mapBounds%22%3A%7B%22west%22%3A-88.12275774883312%2C%22east%22%3A-87.17312701152844%2C%22south%22%3A41.58999613039388%2C%22north%22%3A42.06277288945354%7D%2C%22usersSearchTerm%22%3A%22Chicago%20IL%22%2C%22regionSelection%22%3A%5B%7B%22regionId%22%3A17426%2C%22regionType%22%3A6%7D%5D%2C%22filterState%22%3A%7B%22sort%22%3A%7B%22value%22%3A%22paymentd%22%7D%2C%22price%22%3A%7B%22min%22%3Anull%7D%2C%22mp%22%3A%7B%22min%22%3Anull%7D%2C%22land%22%3A%7B%22value%22%3Afalse%7D%2C%22auc%22%3A%7B%22value%22%3Afalse%7D%2C%22fr%22%3A%7B%22value%22%3Atrue%7D%2C%22fsba%22%3A%7B%22value%22%3Afalse%7D%2C%22fsbo%22%3A%7B%22value%22%3Afalse%7D%2C%22nc%22%3A%7B%22value%22%3Afalse%7D%2C%22cmsn%22%3A%7B%22value%22%3Afalse%7D%2C%22fore%22%3A%7B%22value%22%3Afalse%7D%7D%2C%22isListVisible%22%3Atrue%2C%22mapZoom%22%3A11%7D,15021,2200,5381,520,2329,460,5120,545,4718,919,2225,456,516,154,100,15,5278,374999,3664,826,369,99,3,637,32,1169,94,1143,197,903,186,503,96,2549,15008,16.98%,35.82%,3.46%,608,4454,13.65%,15.65%,6.99%,3157,19462,16.22%,30.58%,4.38%,,1.58548774,1.742644174,13,2.813426134,3.347039474,824,74.00%,2058,"295,743",,,,,,,,,,,,,,,,,,,,