Neighborhood names,Ward,Number of listings for rent (late July 2025),Median monthly rent (late July 2025),Number of listings for sale (late July 2025),Median for sale price (late July 2025),Median for sale monthly payment with no money down and any credit score (late July 2025),"Total rental listings affordable at 60% AMI based on 2025 ARO rent limit for each number of bedrooms ($1260 for studio, $1350 for 1br, $1620 for 2br, $1870 for 3br, $2086 for 4br, and $2302 for 5br) (late July 2025)","Total for sale listings affordable at 60% AMI based on 2025 ARO rent limit for each number of bedrooms ($1260 for studio, $1350 for 1br, $1620 for 2br, $1870 for 3br, $2086 for 4br, and $2302 for 5br) (late July 2025)","Total rental and for sale listings affordable at 60% AMI based on 2025 ARO rent limit for each number of bedrooms ($1260 for studio, $1350 for 1br, $1620 for 2br, $1870 for 3br, $2086 for 4br, and $2302 for 5br) (late July 2025)","% of rental and for sale listings affordable at 60% AMI based on 2025 ARO rent limit for each number of bedrooms ($1260 for studio, $1350 for 1br, $1620 for 2br, $1870 for 3br, $2086 for 4br, and $2302 for 5br) (late July 2025)",Affordability rank - % of rental and for sale listings affordable at 60% of AMI based on 2025 ARO rent limit for each number of bedrooms (late July 2025),Number of listings for rent (late July 2026),Median monthly rent (late July 2026),Number of listings for sale (late July 2026),Median for sale price (late July 2026),Median for sale monthly payment with no money down and any credit score (late July 2026),"Total rental listings affordable at 60% AMI based on 2026 ARO rent limit for each number of bedrooms ($1276 for studio, $1367 for 1br, $1641 for 2br, $1896 for 3br, $2115 for 4br, and $2333 for 5br) (late July 2026)","Total for sale listings affordable at 60% AMI based on 2026 ARO rent limit for each number of bedrooms ($1276 for studio, $1367 for 1br, $1641 for 2br, $1896 for 3br, $2115 for 4br, and $2333 for 5br) (late July 2026)","Total rental and for sale listings affordable at 60% AMI based on 2026 ARO rent limit for each number of bedrooms ($1276 for studio, $1367 for 1br, $1641 for 2br, $1896 for 3br, $2115 for 4br, and $2333 for 5br) (late July 2026)","% of rental and for sale listings affordable at 60% AMI based on 2026 ARO rent limit for each number of bedrooms ($1276 for studio, $1367 for 1br, $1641 for 2br, $1896 for 3br, $2115 for 4br, and $2333 for 5br) (late July 2026)",Affordability rank - % of rental and for sale listings affordable at 60% of AMI based on 2026 ARO rent limit for each number of bedrooms (late July 2026),% change in listings for rent (July 2025 to July 2026),% change in median monthly rent (July 2025 to July 2026),% change in number of listings for sale (July 2025 to July 2026),% change in median for sale price (July 2025 to July 2026),% change in median for sale monthly payment with no money down and any credit score (July 2025 to July 2026),"% change in number of rental listings affordable at 60% AMI based on each year's ARO rent limit for each number of bedrooms (2025 - $1260 for studio, $1350 for 1br, $1620 for 2br, $1870 for 3br, $2086 for 4br, and $2302 for 5br. 2026 - $1276 for studio, $1367 for 1br, $1641 for 2br, $1896 for 3br, $2115 for 4br, and $2333 for 5br)","% change in number of for sale listings affordable at 60% AMI based on each year's ARO rent limit for each number of bedrooms (2025 - $1260 for studio, $1350 for 1br, $1620 for 2br, $1870 for 3br, $2086 for 4br, and $2302 for 5br. 2026 - $1276 for studio, $1367 for 1br, $1641 for 2br, $1896 for 3br, $2115 for 4br, and $2333 for 5br)","% change in number of rental and for sale listings affordable at 60% AMI based on each year's ARO rent limit for each number of bedrooms (2025 - $1260 for studio, $1350 for 1br, $1620 for 2br, $1870 for 3br, $2086 for 4br, and $2302 for 5br. 2026 - $1276 for studio, $1367 for 1br, $1641 for 2br, $1896 for 3br, $2115 for 4br, and $2333 for 5br)",Change in affordability rank for % of rental and for sale listings affordable at 60% AMI based on each year's ARO rent limit for each number of bedrooms (July 2025 to July 2026)
"Wicker Park, Logan Square",1,486,2500,108,"700,000",6650,4,0,4,0.70%,48,442,2795,92,"770,000",7295,5,1,6,1.16%,46,-9.05%,11.80%,-14.81%,10.00%,9.70%,25.00%,#DIV/0!,50.00%,2
"Gold Coast, Streeterville",2,906,2795,382,"580,000",6860,5,0,5,0.39%,49,1209,2876,313,"610,000",7006,2,0,2,0.13%,49,33.44%,2.90%,-18.06%,5.17%,2.13%,-60.00%,#DIV/0!,-60.00%,0
"South Loop, Bronzeville",3,523,2595,219,"389,900",4020,56,8,64,8.83%,36,485,2600,186,"399,900",4135,61,5,66,10.23%,28,-7.27%,0.19%,-15.07%,2.56%,2.86%,8.93%,-37.50%,3.13%,8
"Printer's Row, Kenwood, Prairie Shores",4,881,1892,173,"380,000",4100,178,4,182,17.45%,26,960,1870,131,"340,000",3711,204,8,212,19.68%,21,8.97%,-1.16%,-24.28%,-10.53%,-9.49%,14.61%,100.00%,16.48%,5
"Hyde Park, Jackson Park Highlands",5,832,1925,136,"197,000",2620,184,24,208,21.64%,23,890,2023,124,"216,000",2705,164,17,181,18.01%,24,6.97%,5.09%,-8.82%,9.64%,3.24%,-10.87%,-29.17%,-12.98%,-1
"Chatham, Greater Grand Crossing",6,164,1500,137,"255,000",2330,119,42,161,59.85%,6,389,1550,159,"255,900",2277,258,55,313,62.35%,5,137.20%,3.33%,16.06%,0.35%,-2.27%,116.81%,30.95%,94.41%,1
"South Shore, South Chicago, Calumet Heights",7,284,1400,136,"195,000",1790,227,72,299,76.08%,2,373,1405,162,"199,450",1658,252,86,338,67.74%,2,31.34%,0.36%,19.12%,2.28%,-7.37%,11.01%,19.44%,13.04%,0
"Avalon Park, East Chatham",8,156,1450,160,"240,000",2200,100,63,163,54.33%,10,310,1400,123,"245,000",1998,203,60,263,63.07%,4,98.72%,-3.45%,-23.13%,2.08%,-9.18%,103.00%,-4.76%,61.35%,6
"Roseland, Pullman",9,87,1500,156,"195,000",1790,56,82,138,61.61%,5,154,1573,158,"176,350",1472,85,94,179,61.51%,7,77.01%,4.87%,1.28%,-9.56%,-17.77%,51.79%,14.63%,29.71%,-2
"Hegewisch, East Side, South Deering",10,64,1425,107,"239,900",2200,50,36,86,55.84%,9,93,1420,98,"240,650",2040,67,37,104,61.54%,6,45.31%,-0.35%,-8.41%,0.31%,-7.27%,34.00%,2.78%,20.93%,3
"Bridgeport, Chinatown, Armour Square",11,87,1750,63,"498,000",4570,39,0,39,29.55%,19,124,1800,58,"489,000",4483,39,0,39,23.78%,20,42.53%,2.86%,-7.94%,-1.81%,-1.90%,0.00%,#DIV/0!,0.00%,-1
"McKinley Park, Brighton Park",12,54,1475,39,"388,000",3700,36,3,39,50.65%,12,55,1500,46,"362,000",3426,38,4,42,46.15%,13,1.85%,1.69%,17.95%,-6.70%,-7.41%,5.56%,33.33%,7.69%,-1
"Midway, Clearing",13,46,1625,43,"380,000",3500,26,1,27,31.40%,17,33,1850,45,"379,100",3495,12,2,14,18.67%,22,-28.26%,13.85%,4.65%,-0.24%,-0.14%,-53.85%,100.00%,-48.15%,-5
"Gage Park, Archer Heights",14,30,1325,26,"299,500",2740,25,4,29,58.00%,7,28,1500,32,"300,000",2747,17,12,29,51.79%,11,-6.67%,13.21%,23.08%,0.17%,0.26%,-32.00%,200.00%,0.00%,-4
"Canaryville, Back of the Yards, Gage Park",15,54,1350,53,"325,000",3000,44,9,53,56.99%,8,76,1400,43,"315,000",2662,62,11,73,66.97%,3,40.74%,3.70%,-18.87%,-3.08%,-11.27%,40.91%,22.22%,37.74%,5
"Englewood, Chicago Lawn",16,95,1500,108,"250,000",2290,79,41,120,78.95%,1,184,1525,112,"282,500",2340,143,35,178,73.25%,1,93.68%,1.67%,3.70%,13.00%,2.18%,81.01%,-14.63%,48.33%,0
"Auburn Gresham, Marquette Park",17,167,1500,138,"237,500",2100,123,62,185,67.27%,4,299,1500,133,"265,000",2286,190,50,240,60.00%,8,79.04%,0.00%,-3.62%,11.58%,8.86%,54.47%,-19.35%,29.73%,-4
Ashburn,18,44,1800,64,"295,000",2700,16,16,32,31.07%,18,71,1800,62,"307,500",2822,29,18,47,36.15%,16,61.36%,0.00%,-3.13%,4.24%,4.52%,81.25%,12.50%,46.88%,2
"Beverly, Morgan Park, Mount Greenwood",19,54,2200,81,"379,900",3600,8,6,14,10.61%,31,74,2000,88,"390,350",3534,6,9,15,9.49%,31,37.04%,-9.09%,8.64%,2.75%,-1.83%,-25.00%,50.00%,7.14%,0
"Woodlawn, Washington Park, Back of the Yards",20,292,1800,138,"300,000",2900,128,26,154,40.10%,16,444,1850,142,"349,900",3212,191,29,220,41.20%,14,52.05%,2.78%,2.90%,16.63%,10.76%,49.22%,11.54%,42.86%,2
"Washington Heights, West Pullman",21,84,1963,168,"220,000",2020,39,74,113,47.08%,14,111,1849,164,"219,450",1740,54,92,146,56.59%,9,32.14%,-5.81%,-2.38%,-0.25%,-13.86%,38.46%,24.32%,29.20%,5
Little Village,22,26,1425,26,"342,500",3160,21,2,23,53.49%,11,43,1499,28,"366,750",3368,23,3,26,38.81%,15,65.38%,5.19%,7.69%,7.08%,6.58%,9.52%,50.00%,13.04%,-4
"West Elsdon, West Lawn",23,30,1650,51,"344,900",3200,15,4,19,25.68%,20,31,1650,33,"399,000",3664,13,3,16,26.67%,19,3.33%,0.00%,-35.29%,15.69%,14.50%,-13.33%,-25.00%,-15.79%,1
"Lawndale, Homan Square",24,154,1600,55,"397,000",3650,109,10,119,69.59%,3,234,1650,84,"390,000",3030,137,15,152,56.30%,10,51.95%,3.13%,52.73%,-1.76%,-16.99%,25.69%,50.00%,27.73%,-7
Pilsen,25,272,1913,82,"430,000",4200,52,1,53,15.68%,29,255,1900,69,"449,900",4304,47,2,49,15.76%,25,-6.25%,-0.68%,-15.85%,4.63%,2.48%,-9.62%,100.00%,-7.55%,4
Humboldt Park,26,214,2000,56,"577,000",5350,47,0,47,18.43%,25,193,2200,47,"625,000",5723,21,1,22,10.05%,29,-9.81%,10.00%,-16.07%,8.32%,6.97%,-55.32%,#DIV/0!,-53.19%,-4
"West Town, Goose Island, River West, East Garfield Park",27,904,2987,142,"550,000",5450,42,2,44,4.30%,42,1030,3033,110,"600,000",5854,48,1,49,4.35%,39,13.94%,1.54%,-22.54%,9.09%,7.41%,14.29%,-50.00%,11.36%,3
"West Garfield Park, Tri-Taylor, Near West Side",28,281,2239,70,"377,500",3500,70,5,75,23.51%,22,353,2000,96,"370,000",3380,105,14,119,30.28%,18,25.62%,-10.67%,37.14%,-1.99%,-3.43%,50.00%,180.00%,58.67%,4
"Galewood, Austin, The Island",29,137,1700,43,"400,000",3660,77,3,80,47.06%,15,231,1860,55,"400,000",3653,80,6,86,32.09%,17,68.61%,9.41%,27.91%,0.00%,-0.19%,3.90%,100.00%,7.50%,-2
"Irving Park, Belmont Craigin, Belmont Central, Portage Park",30,118,1850,54,"594,500",5440,26,0,26,15.95%,28,105,1800,49,"529,000",4830,15,3,18,12.33%,26,-11.02%,-2.70%,-9.26%,-11.02%,-11.21%,-42.31%,#DIV/0!,-30.77%,2
"Hermosa, Craigin, Belmont Gardens",31,105,1685,35,"549,900",5030,30,1,31,24.22%,21,136,1875,40,"533,500",4855,28,3,31,18.24%,23,29.52%,11.28%,14.29%,-2.98%,-3.48%,-6.67%,200.00%,0.00%,-2
"Bucktown, Wicker Park, Roscoe Village",32,310,2800,106,"962,500",9050,6,0,6,1.53%,43,341,2950,81,"875,000",8182,5,0,5,1.24%,45,10.00%,5.36%,-23.58%,-9.09%,-9.59%,-16.67%,#DIV/0!,-16.67%,-2
"Albany Park, Irving Park",33,227,1795,52,"549,900",5030,38,1,39,14.55%,30,205,1900,40,"535,000",4935,18,2,20,8.44%,32,-9.69%,5.85%,-23.08%,-2.71%,-1.89%,-52.63%,100.00%,-48.72%,-2
"West Loop, Loop, UIC",34,1270,2797,233,"425,000",4600,11,0,11,0.73%,47,1409,2834,194,"467,500",4910,51,2,53,3.31%,42,10.94%,1.32%,-16.74%,10.00%,6.74%,363.64%,#DIV/0!,381.82%,5
"Logan Square, Avondale",35,346,2195,61,"650,000",6330,27,1,28,7.14%,39,261,2295,56,"766,200",6901,12,1,13,4.26%,40,-24.57%,4.56%,-8.20%,17.88%,9.02%,-55.56%,0.00%,-53.57%,-1
"Grand, Ukranian Village, Hanson Park, Montclare",36,168,2200,87,"644,000",5950,18,2,20,8.23%,37,199,2394,67,"574,900",5311,10,1,11,4.38%,38,18.45%,8.82%,-22.99%,-10.73%,-10.74%,-44.44%,-50.00%,-45.00%,-1
"Austin, West Humboldt Park",37,89,1600,71,"419,000",3840,59,12,71,50.35%,13,146,1650,63,"375,000",3398,77,14,91,48.92%,12,64.04%,3.13%,-11.27%,-10.50%,-11.51%,30.51%,16.67%,28.17%,1
"Dunning, Schorsch Village",38,51,2099,68,"474,000",4340,11,0,11,10.19%,33,73,2250,56,"552,500",4691,8,4,12,9.76%,30,43.14%,7.19%,-17.65%,16.56%,8.09%,-27.27%,#DIV/0!,9.09%,3
"Mayfair, North Park, Sauganash, Edgebrook",39,104,1800,67,"519,900",4900,12,0,12,7.64%,38,119,1900,61,"575,000",5211,12,1,13,7.56%,34,14.42%,5.56%,-8.96%,10.60%,6.35%,0.00%,#DIV/0!,8.33%,4
"Andersonville, Ravenswood",40,209,1925,51,"325,000",3210,23,3,26,10.20%,32,252,2113,52,"505,000",4781,4,4,8,2.71%,43,20.57%,9.77%,1.96%,55.38%,48.94%,-82.61%,33.33%,-69.23%,-11
"O'Hare, Norwood Park, Edison Park",41,202,1733,70,"464,000",4250,1,1,2,0.75%,46,153,1600,60,"543,750",4983,7,1,8,3.88%,41,-24.26%,-7.67%,-14.29%,17.19%,17.25%,600.00%,0.00%,300.00%,5
River North,42,1291,3103,517,"665,000",7600,4,1,5,0.28%,50,1479,3195,445,"549,000",6183,0,1,1,0.05%,50,14.56%,2.96%,-13.93%,-17.44%,-18.64%,-100.00%,0.00%,-80.00%,0
Lincoln Park,43,531,2475,144,"899,900",10700,7,0,7,1.07%,45,632,2595,106,"922,500",9691,2,1,3,0.41%,48,19.02%,4.85%,-26.39%,2.51%,-9.43%,-71.43%,#DIV/0!,-57.14%,-3
Lakeview,44,650,2300,80,"679,500",7650,9,0,9,1.25%,44,836,2530,85,"675,000",6909,6,0,6,0.66%,47,28.62%,10.00%,6.25%,-0.66%,-9.69%,-33.33%,#DIV/0!,-33.33%,-3
"Jefferson Park, Wildwood",45,135,1800,54,"490,000",4500,18,0,18,10.00%,34,139,1900,66,"589,500",5382,10,1,11,5.61%,36,2.96%,5.56%,22.22%,20.31%,19.60%,-44.44%,#DIV/0!,-38.89%,-2
"Uptown, Buena Park",46,669,1995,126,"268,500",3200,46,2,48,6.29%,41,766,2100,85,"315,000",3749,38,1,39,4.60%,37,14.50%,5.26%,-32.54%,17.32%,17.16%,-17.39%,-50.00%,-18.75%,4
"North Center, Lincoln Square",47,399,2175,50,"799,000",7340,28,0,28,6.39%,40,424,2350,47,"995,000",8925,9,0,9,1.97%,44,6.27%,8.05%,-6.00%,24.53%,21.59%,-67.86%,#DIV/0!,-67.86%,-4
Edgewater,48,492,1841,122,"235,000",3200,60,1,61,9.95%,35,568,2045,100,"252,500",3165,42,1,43,6.48%,35,15.45%,11.08%,-18.03%,7.45%,-1.09%,-30.00%,0.00%,-29.51%,0
Rogers Park,49,644,1650,63,"251,500",2730,136,3,139,19.72%,24,664,1785,44,"302,250",3099,70,3,73,10.37%,27,3.11%,8.18%,-30.16%,20.18%,13.52%,-48.53%,0.00%,-47.48%,-3
West Ridge,50,124,1695,53,"299,900",3700,29,0,29,16.96%,27,211,1895,54,"542,500",5075,20,1,21,8.14%,33,70.16%,11.80%,1.89%,80.89%,37.16%,-31.03%,#DIV/0!,-27.59%,-6
Chicago,-,15021,2200,5278,374999,3664,2549,608,3157,16.22%,,17374,2327,4693,390000,3793,2858,715,3573,16.77%,,15.66%,5.77%,-11.08%,4.00%,3.52%,12.12%,17.60%,13.18%,